Ref,A,A1,A2,B,B1,B2,X,X1,A mole,A1 mole,A2 mole,B mole,B1 mole,B2 mole,X mole,X1 mole,Prep Meth,CalcT(K),Calc time(h),Prom Meth,Promoter,Prom %w,Crystal,BandGap(eV),Surface Area(m2/g),CatW,Alcohol%,Sac. Agent1,Sac. Agent2,Light type,Power(W),Wave length(<nm),ProdRate(Î¼mol/gh),Label
[S1],Sr,non,non,Ti,non,non,O,,0.478,,,0.261,,,0.262,,flux,1373,10,impreg,Rh,0.1,cubic,3.2,0.9,1,0,,,Xe,300,300,540,[S1]SrTi
[S1],Sr,non,non,Ti,non,non,O,,0.478,,,0.261,,,0.262,,flux,1273,10,impreg,Rh,0.1,cubic,3.2,1.3,1,0,,,Xe,300,300,540,[S1]SrTi
[S1],Sr,non,non,Ti,non,non,O,,0.478,,,0.261,,,0.262,,flux,1173,10,impreg,Rh,0.1,cubic,3.2,1.9,1,0,,,Xe,300,300,32,[S1]SrTi
[S1],Sr,non,non,Ti,Al,non,O,,0.477,,,0.261,0.0001,,0.262,,flux,1273,10,impreg,Rh,0.1,cubic,3.2,0.9,1,0,,,Xe,300,300,40,[S1]SrTiAl
[S1],Sr,non,non,Ti,Al,non,O,,0.477,,,0.26,0.001,,0.261,,flux,1273,10,impreg,Rh,0.1,cubic,3.2,2.7,1,0,,,Xe,300,300,380,[S1]SrTiAl
[S1],Sr,non,non,Ti,Al,non,O,,0.471,,,0.257,0.014,,0.258,,flux,1273,10,impreg,Rh,0.1,cubic,3.2,2.4,1,0,,,Xe,300,300,700,[S1]SrTiAl
[S2],Mn,non,non,Co,non,non,O,,0.232,,,0.498,,,0.27,,novel,743,12,,,,octahedral,2.1,,4,0,,,visible,64,420,91.07,[S2]MnCo
[S2],Mn,non,non,Co,non,non,O,,0.232,,,0.498,,,0.27,,novel,743,12,,,,octahedral,2.1,,4,5,,,visible,64,420,146.2,[S2]MnCo
[S3],Sr,La,non,Ti,Cr,non,O,,0.475,0.004,,0.26,0.001,,0.26,,HT,,,PD,Pt,0.5,cubic,2.95,,0.5,20,,,Xe,300,420,66,[S3]SrLaTiCr
[S3],Sr,La,non,Ti,Cr,non,O,,0.473,0.007,,0.258,0.003,,0.259,,HT,,,PD,Pt,0.5,cubic,2.9,,0.5,20,,,Xe,300,420,75,[S3]SrLaTiCr
[S3],Sr,La,non,Ti,Cr,non,O,,0.468,0.015,,0.256,0.006,,0.256,,HT,,,PD,Pt,0.5,cubic,2.92,,0.5,20,,,Xe,300,420,76,[S3]SrLaTiCr
[S3],Sr,La,non,Ti,Cr,non,O,,0.465,0.018,,0.254,0.007,,0.255,,HT,,,PD,Pt,0.5,cubic,2.8,,0.5,20,,,Xe,300,420,90,[S3]SrLaTiCr
[S3],Sr,La,non,Ti,Cr,non,O,,0.463,0.022,,0.253,0.008,,0.254,,HT,,,PD,Pt,0.5,cubic,2.85,,0.5,20,,,Xe,300,420,71,[S3]SrLaTiCr
[S3],Sr,La,non,Ti,Cr,non,O,,0.458,0.029,,0.25,0.011,,0.251,,HT,,,PD,Pt,0.5,cubic,2.9,,0.5,20,,,Xe,300,420,39,[S3]SrLaTiCr
[S4],Sr,non,non,Ti,Rh,Sb,O,,0.473,,,0.258,0.003,0.007,0.259,,SSR,1373,10,impreg,IrO2,3,cubic,2.95,,1.66,0,H2SO4,,Xe,300,440,22,[S4]SrTiRhSb
[S4],Sr,non,non,Ti,Rh,Sb,O,,0.473,,,0.258,0.003,0.007,0.259,,SSR,1373,10,impreg,RuO2,1,cubic,2.95,,1.66,0,H2SO4,,Xe,300,440,0.6,[S4]SrTiRhSb
[S4],Sr,non,non,Ti,Rh,Sb,O,,0.473,,,0.258,0.003,0.007,0.259,,SSR,1373,10,PD,Ru,0.5,cubic,2.95,,1.66,0,H2SO4,,Xe,300,440,2.5,[S4]SrTiRhSb
[S4],Sr,non,non,Ti,Rh,Sb,O,,0.473,,,0.258,0.003,0.007,0.259,,SSR,1373,10,impreg,IrO2,1,cubic,2.95,,1.66,0,H2SO4,,Xe,300,440,18.5,[S4]SrTiRhSb
[S4],Sr,non,non,Ti,Rh,Sb,O,,0.473,,,0.258,0.003,0.007,0.259,,SSR,1373,10,impreg,IrO2,3,cubic,2.95,,1.66,0,H2SO4,,Xe,300,300,60,[S4]SrTiRhSb
[S4],Sr,non,non,Ti,Rh,Sb,O,,0.473,,,0.258,0.003,0.007,0.259,,SSR,1373,10,impreg,IrO2,3,cubic,3.26,,1.66,0,H2SO4,,Xe,300,440,3.15,[S4]SrTiRhSb
[S4],Sr,non,non,Ti,Rh,Sb,O,,0.476,,,0.26,0.003,,0.261,,SSR,1373,10,impreg,IrO2,3,cubic,3.26,,1.66,0,H2SO4,,Xe,300,300,3.65,[S4]SrTiRhSb
[S5],Sm,non,non,Ti,non,non,O,S,0.556,,,0.177,,,0.148,0.119,PC,773,12,PD,Rh,1.5,amorphous,1.9,,0.5,0,Na2S,Na2SO3,Hg,450,400,312.5,[S5]SmTi
[S6],Zn,non,non,In,non,non,S,,0.191,,,0.504,,,0.305,,HT,,,PD,Ru,0.5,hexagonal,2.64,,1,0,Na2S,Na2SO3,Xe,300,420,1850,[S6]ZnIn
[S6],Zn,Ag,non,In,non,non,S,,0.191,0.002,,0.503,,,0.305,,HT,,,PD,Ru,0.5,hexagonal,2.57,,1,0,Na2S,Na2SO3,Xe,300,420,2810,[S6]ZnAgIn
[S6],Zn,Ag,non,In,non,non,S,,0.191,0.003,,0.502,,,0.305,,HT,,,PD,Ru,0.5,hexagonal,2.48,,1,0,Na2S,Na2SO3,Xe,300,420,2940,[S6]ZnAgIn
[S6],Zn,Ag,non,In,non,non,S,,0.191,0.005,,0.501,,,0.305,,HT,,,PD,Ru,0.5,hexagonal,2.47,,1,0,Na2S,Na2SO3,Xe,300,420,3200,[S6]ZnAgIn
[S6],Zn,Ag,non,In,non,non,S,,0.19,0.006,,0.5,,,0.304,,HT,,,PD,Ru,0.5,hexagonal,2.45,,1,0,Na2S,Na2SO3,Xe,300,420,2580,[S6]ZnAgIn
[S6],Zn,Ag,non,In,non,non,S,,0.189,0.009,,0.498,,,0.304,,HT,,,PD,Ru,0.5,hexagonal,2.41,,1,0,Na2S,Na2SO3,Xe,300,420,1940,[S6]ZnAgIn
[S7],K,Ca,Sr,Ta,non,non,O,,0.03,0.031,0.067,0.69,,,0.183,,SSR,1173,10,,,0.5,octahedral,3.99,,1.42,0,,,Hg,400,285,542,[S7]KCaSrTa
[S7],K,Ca,Sr,Ta,non,non,O,,0.03,0.031,0.067,0.69,,,0.183,,SSR,1173,10,impreg,NiO,0.5,octahedral,3.99,,1.42,0,,,Hg,400,285,1278,[S7]KCaSrTa
[S7],K,Ca,Sr,Ta,non,non,O,,0.03,0.031,0.067,0.69,,,0.183,,SSR,1423,10,,,0.5,octahedral,4.13,,1.42,0,,,Hg,400,285,204,[S7]KCaSrTa
[S7],K,Ca,Sr,Ta,non,non,O,,0.03,0.031,0.067,0.69,,,0.183,,SSR,1423,10,impreg,NiO,0.5,octahedral,4.13,,1.42,0,,,Hg,400,285,2678,[S7]KCaSrTa
[S7],K,Ca,Sr,Ta,non,non,O,,0.03,0.031,0.067,0.69,,,0.183,,SSR,1423,10,PD,Ni,0.5,octahedral,4.13,,1.42,0,,,Hg,400,285,50,[S7]KCaSrTa
[S7],K,Ca,Sr,Ta,non,non,O,,0.03,0.031,0.067,0.69,,,0.183,,SSR,1423,10,impreg,Ni,0.5,octahedral,4.13,,1.42,0,,,Hg,400,285,230,[S7]KCaSrTa
[S7],K,Ca,Sr,Ta,non,non,O,,0.03,0.031,0.067,0.69,,,0.183,,SSR,1573,10,,,0.5,octahedral,4.27,,1.42,0,,,Hg,400,285,212,[S7]KCaSrTa
[S7],K,Ca,Sr,Ta,non,non,O,,0.03,0.031,0.067,0.69,,,0.183,,SSR,1573,10,impreg,NiO,0.5,octahedral,4.27,,1.42,0,,,Hg,400,285,2540,[S7]KCaSrTa
[S7],K,Ca,Sr,Ta,non,non,O,,0.03,0.031,0.067,0.69,,,0.183,,SSR,1773,10,,,0.5,octahedral,4.06,,1.42,0,,,Hg,400,285,132,[S7]KCaSrTa
[S7],K,Ca,Sr,Ta,non,non,O,,0.03,0.031,0.067,0.69,,,0.183,,SSR,1773,10,impreg,NiO,0.5,octahedral,4.06,,1.42,0,,,Hg,400,285,424,[S7]KCaSrTa
[S7],K,Ca,Sr,Ta,non,non,O,,0.03,0.031,0.067,0.69,,,0.183,,SSR,1423,10,PD,Cu,0.5,octahedral,4.13,,1.42,0,,,Hg,400,285,432,[S7]KCaSrTa
[S7],K,Ca,Sr,Ta,non,non,O,,0.03,0.031,0.067,0.69,,,0.183,,SSR,1423,10,PD,Ru,0.5,octahedral,4.13,,1.42,0,,,Hg,400,285,56,[S7]KCaSrTa
[S7],K,Ca,Sr,Ta,non,non,O,,0.03,0.031,0.067,0.69,,,0.183,,SSR,1423,10,PD,Rh,0.5,octahedral,4.13,,1.42,0,,,Hg,400,285,86,[S7]KCaSrTa
[S7],K,Ca,Sr,Ta,non,non,O,,0.03,0.031,0.067,0.69,,,0.183,,SSR,1423,10,PD,Ag,0.5,octahedral,4.13,,1.42,0,,,Hg,400,285,106,[S7]KCaSrTa
[S7],K,Ca,Sr,Ta,non,non,O,,0.03,0.031,0.067,0.69,,,0.183,,SSR,1423,10,impreg,Ag,0.5,octahedral,4.13,,1.42,0,,,Hg,400,285,110,[S7]KCaSrTa
[S7],K,Ca,Sr,Ta,non,non,O,,0.03,0.031,0.067,0.69,,,0.183,,SSR,1423,10,impreg,Ag,0.5,octahedral,4.13,,1.42,0,,,Hg,400,285,192,[S7]KCaSrTa
[S7],K,Ca,Sr,Ta,non,non,O,,0.03,0.031,0.067,0.69,,,0.183,,SSR,1423,10,PD,Pt,0.5,octahedral,4.13,,1.42,0,,,Hg,400,285,124,[S7]KCaSrTa
[S7],K,Ca,Sr,Ta,non,non,O,,0.03,0.031,0.067,0.69,,,0.183,,SSR,1423,10,PD,Au,0.5,octahedral,4.13,,1.42,0,,,Hg,400,285,1168,[S7]KCaSrTa
[S8],Cu,non,non,In,non,non,S,,0.262,,,0.473,,,0.264,,novel,,,,,,hexagonal,1.55,,0.2,0,Na2S,Na2SO3,Xe,300,350,290,[S8]CuIn
[S8],Cu,non,non,In,Ga,non,S,,0.267,,,0.434,0.029,,0.269,,novel,,,,,,hexagonal,1.57,,0.2,0,Na2S,Na2SO3,Xe,300,350,368,[S8]CuInGa
[S8],Cu,non,non,In,Ga,non,S,,0.278,,,0.351,0.091,,0.28,,novel,,,,,,hexagonal,1.6,,0.2,0,Na2S,Na2SO3,Xe,300,350,514,[S8]CuInGa
[S8],Cu,non,non,In,Ga,non,S,,0.289,,,0.261,0.158,,0.292,,novel,,,,,,hexagonal,1.68,,0.2,0,Na2S,Na2SO3,Xe,300,350,660,[S8]CuInGa
[S8],Cu,non,non,In,Ga,non,S,,0.301,,,0.163,0.231,,0.304,,novel,,,,,,hexagonal,1.75,,0.2,0,Na2S,Na2SO3,Xe,300,350,747,[S8]CuInGa
[S8],Cu,non,non,In,Ga,non,S,,0.315,,,0.057,0.311,,0.318,,novel,,,,,,hexagonal,2,,0.2,0,Na2S,Na2SO3,Xe,300,350,582,[S8]CuInGa
[S8],Cu,non,non,In,non,non,S,,0.322,,,,0.353,,0.325,,novel,,,,,,hexagonal,2.35,,0.2,0,Na2S,Na2SO3,Xe,300,350,513,[S8]CuIn
[S9],K,non,non,Ta,non,non,O,,0.146,,,0.675,,,0.179,,SG,773,6,,,,cubic,4.6,9.5,1,0,,,Hg,400,275,2800,[S9]KTa
[S9],K,non,non,Ta,non,non,O,,0.146,,,0.675,,,0.179,,HT,773,6,,,,cubic,4.5,4.5,1,0,,,Hg,400,275,650,[S9]KTa
[S10],K,non,non,Nb,non,non,O,,0.217,,,0.516,,,0.267,,HT,,,,,,orthorombic,3.15,1.42,1.25,25,,,Xe,300,380,33,[S10]KNb
[S10],K,non,non,Nb,non,non,O,,0.217,,,0.516,,,0.267,,HT,,,,,,tetragonal,3.08,0.68,1.25,25,,,Xe,300,380,118,[S10]KNb
[S10],K,non,non,Nb,non,non,O,,0.217,,,0.516,,,0.267,,HT,,,,,,cubic,3.24,3.9,1.25,25,,,Xe,300,380,1242,[S10]KNb
[S10],K,non,non,Nb,non,non,O,,0.217,,,0.516,,,0.267,,HT,,,PD,Pt,0.5,orthorombic,3.15,1.42,1.25,25,,,Xe,300,380,170,[S10]KNb
[S10],K,non,non,Nb,non,non,O,,0.217,,,0.516,,,0.267,,HT,,,PD,Pt,1,orthorombic,3.15,1.42,1.25,25,,,Xe,300,380,240,[S10]KNb
[S10],K,non,non,Nb,non,non,O,,0.217,,,0.516,,,0.267,,HT,,,PD,Pt,1.5,orthorombic,3.15,1.42,1.25,25,,,Xe,300,380,300,[S10]KNb
[S10],K,non,non,Nb,non,non,O,,0.217,,,0.516,,,0.267,,HT,,,PD,Pt,2,orthorombic,3.15,1.42,1.25,25,,,Xe,300,380,28,[S10]KNb
[S11],Zn,non,non,Cd,non,non,S,,0.541,,,0.151,,,0.308,,novel,,,,,,cubic,2.64,124.8,0.66,0,Na2S,Na2SO3,Xe,300,420,520,[S11]ZnCd
[S11],Zn,non,non,Cd,non,non,S,,0.515,,,0.181,,,0.304,,novel,,,,,,cubic,2.61,131,0.66,0,Na2S,Na2SO3,Xe,300,420,610,[S11]ZnCd
[S11],Zn,non,non,Cd,non,non,S,,0.49,,,0.21,,,0.3,,novel,,,,,,cubic,2.58,156,0.66,0,Na2S,Na2SO3,Xe,300,420,970,[S11]ZnCd
[S11],Zn,non,non,Cd,non,non,S,,0.449,,,0.257,,,0.294,,novel,,,,,,cubic,2.55,65.6,0.66,0,Na2S,Na2SO3,Xe,300,420,510,[S11]ZnCd
[S11],Zn,non,non,Cd,non,non,S,,0.388,,,0.328,,,0.284,,novel,,,,,,cubic,2.52,49.26,0.66,0,Na2S,Na2SO3,Xe,300,420,360,[S11]ZnCd
[S11],Zn,non,non,Cd,non,non,S,,0.49,,,0.21,,,0.3,,novel,,,PD,Pt,0.15,cubic,2.58,156,0.66,0,Na2S,Na2SO3,Xe,300,420,1800,[S11]ZnCd
[S11],Zn,non,non,Cd,non,non,S,,0.49,,,0.21,,,0.3,,novel,,,PD,Pt,0.25,cubic,2.58,156,0.66,0,Na2S,Na2SO3,Xe,300,420,2275,[S11]ZnCd
[S11],Zn,non,non,Cd,non,non,S,,0.49,,,0.21,,,0.3,,novel,,,PD,Pt,0.5,cubic,2.58,156,0.66,0,Na2S,Na2SO3,Xe,300,420,1850,[S11]ZnCd
[S11],Zn,non,non,Cd,non,non,S,,0.49,,,0.21,,,0.3,,novel,,,PD,Pt,1,cubic,2.58,156,0.66,0,Na2S,Na2SO3,Xe,300,420,1725,[S11]ZnCd
[S12],Ba,non,non,Zr,non,non,O,,0.497,,,0.33,,,0.174,,PTP,1273,6,,,,cubic,4.8,8.5,0.476,0,,,Hg,400,365,112,[S12]BaZr
[S12],Ba,non,non,Zr,Sn,non,O,,0.492,,,0.294,0.043,,0.172,,PTP,1273,6,,,,cubic,4.4,5.7,0.476,0,,,Hg,400,365,100,[S12]BaZrSn
[S12],Ba,non,non,Zr,Sn,non,O,,0.487,,,0.259,0.084,,0.17,,PTP,1273,6,,,,cubic,4,3.8,0.476,0,,,Hg,400,365,125,[S12]BaZrSn
[S12],Ba,non,non,Zr,Sn,non,O,,0.482,,,0.224,0.125,,0.169,,PTP,1273,6,,,,cubic,3.6,4,0.476,0,,,Hg,400,365,138,[S12]BaZrSn
[S12],Ba,non,non,Zr,Sn,non,O,,0.478,,,0.19,0.165,,0.167,,PTP,1273,6,,,,cubic,3.3,2.1,0.476,0,,,Hg,400,365,70,[S12]BaZrSn
[S13],Zn,non,non,Ti,non,non,S,,0.56,,,0.1,,,0.34,,HT,,,,,,cubic,3.08,,1,50,,,UV,,365,34.2,[S13]ZnTi
[S13],Zn,non,non,Ti,non,non,S,,0.58,,,0.08,,,0.34,,HT,,,,,,cubic,3.06,,1,50,,,UV,,365,113,[S13]ZnTi
[S13],Zn,non,non,Ti,non,non,S,,0.62,,,0.05,,,0.34,,HT,,,,,,cubic,3.05,,1,50,,,UV,,365,396,[S13]ZnTi
[S13],Zn,non,non,Ti,non,non,S,,0.61,,,0.07,,,0.32,,HT,,,,,,cubic,3.11,,1,50,,,UV,,365,275,[S13]ZnTi
[S13],Zn,non,non,Ti,non,non,S,,0.62,,,0.05,,,0.34,,HT,,,,,,cubic,3.05,,1,50,H2SO4,,UV,,365,13.9,[S13]ZnTi
[S13],Zn,non,non,Ti,non,non,S,,0.62,,,0.05,,,0.34,,HT,,,,,,cubic,3.05,,1,50,Na2SO4,,UV,,365,38.6,[S13]ZnTi
[S13],Zn,non,non,Ti,non,non,S,,0.62,,,0.05,,,0.34,,HT,,,,,,cubic,3.05,,1,50,CH3COOH,,UV,,365,63.2,[S13]ZnTi
[S13],Zn,non,non,Ti,non,non,S,,0.62,,,0.05,,,0.34,,HT,,,,,,cubic,3.05,,1,50,NaOH,,UV,,365,528,[S13]ZnTi
[S13],Zn,non,non,Ti,non,non,S,,0.62,,,0.05,,,0.34,,HT,,,,,,cubic,3.05,,1,50,KOH,,UV,,365,794,[S13]ZnTi
[S14],Na,Ca,non,Nb,non,non,O,,0.07,0.11,,0.53,,,0.3,,flux,,,impreg,Pt,1,orthorombic,3.3,1.6,2,20,,,Xe,1000,350,74.17,[S14]NaCaNb
[S14],Na,Ca,non,Nb,non,non,O,,0.07,0.11,,0.53,,,1.3,,flux,,,impreg,Pt,1,orthorombic,3.3,0.36,2,20,,,Xe,1000,350,150,[S14]NaCaNb
[S14],Na,Ca,non,Nb,non,non,O,,0.07,0.11,,0.53,,,2.3,,flux,,,impreg,Pt,1,orthorombic,3.3,4.6,2,20,,,Xe,1000,350,445.5,[S14]NaCaNb
[S14],Na,Ca,non,Nb,non,non,O,,0.07,0.11,,0.53,,,3.3,,flux,,,impreg,Pt,1,orthorombic,3.3,3.9,2,20,,,Xe,1000,350,275.5,[S14]NaCaNb
[S15],Sb,non,non,Ti,non,non,S,,0.62,,,0.06,,,0.32,,HT,,,,,,orthorombic,1.81,,0.5,50,,,UV,,365,5.3,[S15]SbTi
[S15],Sb,non,non,Ti,non,non,S,,0.54,,,0.11,,,0.36,,HT,,,,,,orthorombic,1.87,,0.5,50,,,UV,,365,10.2,[S15]SbTi
[S15],Sb,non,non,Ti,non,non,S,,0.48,,,0.14,,,0.38,,HT,,,,,,orthorombic,2.04,,0.5,50,,,UV,,365,6.9,[S15]SbTi
[S15],Sb,non,non,Ti,non,non,S,,0.54,,,0.11,,,0.36,,HT,,,,,,orthorombic,1.87,,0.5,50,,,UV,,365,2.9,[S15]SbTi
[S15],Sb,non,non,Ti,non,non,S,,0.54,,,0.11,,,0.36,,HT,,,,,,orthorombic,1.87,,0.5,50,,,UV,,365,4.5,[S15]SbTi
[S15],Sb,non,non,Ti,non,non,S,,0.54,,,0.11,,,0.36,,HT,,,,,,orthorombic,1.87,,0.5,50,,,UV,,365,12.1,[S15]SbTi
[S15],Sb,non,non,Ti,non,non,S,,0.54,,,0.11,,,0.36,,HT,,,,,,orthorombic,1.87,,0.5,50,,,UV,,365,15.3,[S15]SbTi
[S16],Ca,non,non,In,non,non,S,,0.1,,,0.58,,,0.32,,HT,,,,,,cubic,1.68,75.38,0.5,50,,,Xe,300,420,2.625,[S16]CaIn
[S16],Ca,non,non,In,non,non,S,,0.1,,,0.58,,,0.32,,HT,773,12,,,,cubic,1.78,6.66,0.5,50,,,Xe,300,420,10.5,[S16]CaIn
[S16],Ca,non,non,In,non,non,S,,0.1,,,0.58,,,0.32,,HT,873,12,,,,cubic,1.8,5.11,0.5,50,,,Xe,300,420,17.625,[S16]CaIn
[S16],Ca,non,non,In,non,non,S,,0.1,,,0.58,,,0.32,,HT,973,12,,,,cubic,1.82,3.79,0.5,50,,,Xe,300,420,15,[S16]CaIn
[S16],Ca,non,non,In,non,non,S,,0.1,,,0.58,,,0.32,,HT,1073,12,,,,cubic,1.83,3.26,0.5,50,,,Xe,300,420,13.75,[S16]CaIn
[S16],Ca,non,non,In,non,non,S,,0.1,,,0.58,,,0.32,,HT,1173,12,,,,cubic,1.84,2.74,0.5,50,,,Xe,300,420,4.75,[S16]CaIn
[S16],Ca,non,non,In,non,non,S,,0.1,,,0.58,,,0.32,,HT,873,1,,,,cubic,1.74,8.06,0.5,50,,,Xe,300,420,13.5,[S16]CaIn
[S16],Ca,non,non,In,non,non,S,,0.1,,,0.58,,,0.32,,HT,873,3,,,,cubic,1.76,6.64,0.5,50,,,Xe,300,420,31.125,[S16]CaIn
[S16],Ca,non,non,In,non,non,S,,0.1,,,0.58,,,0.32,,HT,873,6,,,,cubic,1.78,6.17,0.5,50,,,Xe,300,420,25.25,[S16]CaIn
[S16],Ca,non,non,In,non,non,S,,0.1,,,0.58,,,0.32,,HT,873,9,,,,cubic,1.78,5.61,0.5,50,,,Xe,300,420,21.875,[S16]CaIn
[S17],Sb,non,non,Nb,non,non,O,,0.44,,,0.33,,,0.23,,HT,1173,2,,,,orthorombic,3.12,1.7,0.833,0,,,Hg,450,365,4.5,[S17]SbNb
[S17],Sb,non,non,Nb,non,non,O,,0.44,,,0.33,,,0.23,,SSR,1173,2,,,,orthorombic,3.12,1.7,0.833,0,,,Hg,450,365,5,[S17]SbNb
[S17],Sb,non,non,Ta,non,non,O,,0.43,,,0.49,,,0.18,,SSR,1173,2,,,,orthorombic,3.72,1.5,0.833,0,,,Hg,450,365,10,[S17]SbTa
[S17],Sb,non,non,Ta,non,non,O,,0.43,,,0.49,,,0.18,,SSR,1173,2,,,,orthorombic,3.72,1.5,0.833,0,,,Hg,450,365,9.5,[S17]SbTa
[S17],Sb,non,non,Nb,non,non,O,,0.44,,,0.33,,,0.23,,SSR,1173,2,impreg,RuO2,1,orthorombic,3.12,1.7,0.833,0,,,Hg,450,365,61.5,[S17]SbNb
[S17],Sb,non,non,Ta,non,non,O,,0.43,,,0.49,,,0.18,,SSR,1173,2,impreg,RuO2,1,orthorombic,3.72,1.5,0.833,0,,,Hg,450,365,146,[S17]SbTa
[S18],K,La,non,Ta,Bi,non,O,,0.02,0.07,,0.36,0.41,,0.14,,SSR,1173,6,,,,orthorombic,3.44,1.3,3.07,0,,,Hg,300,365,2635,[S18]KLaTaBi
[S19],Bi,Na,non,Ti,non,non,O,,0.49,0.05,,0.23,,,0.23,,SSR,,,PD,Pt,0.5,octahedral,2.92,27.3,0.625,20,,,Xe,500,346,86.4,[S19]BiNaTi
[S19],Bi,Na,non,Ti,non,non,O,,0.49,0.05,,0.23,,,0.23,,SSR,,,PD,Pt,1,octahedral,2.92,27.3,0.625,20,,,Xe,500,346,196.4,[S19]BiNaTi
[S19],Bi,Na,non,Ti,non,non,O,,0.49,0.05,,0.23,,,0.23,,PC,,,PD,Pt,3,octahedral,2.92,27.3,0.625,20,,,Xe,500,346,356,[S19]BiNaTi
[S19],Bi,Na,non,Ti,non,non,O,,0.49,0.05,,0.23,,,0.23,,HT,,,PD,Pt,5,octahedral,2.92,27.3,0.625,20,,,Xe,500,346,266,[S19]BiNaTi
[S19],Bi,Na,non,Ti,non,non,O,,0.49,0.05,,0.23,,,0.23,,HT,,,PD,Pt,8,octahedral,2.92,27.3,0.625,20,,,Xe,500,346,226,[S19]BiNaTi
[S20],Na,non,non,Ta,non,non,O,,0.09,,,0.72,,,0.19,,HT,1173,10,,,,cubic,2.64,1.22,0.5,20,,,Xe,800,390,0.08,[S20]NaTa
[S20],Na,non,non,Ta,non,non,O,,0.09,,,0.72,,,0.19,,HT,1173,10,impreg,Pt,0.03,cubic,2.64,1.22,0.5,20,,,Xe,800,390,0.58,[S20]NaTa
[S20],Na,non,non,Ta,non,non,O,,0.09,,,0.72,,,0.19,,HT,1173,10,impreg,Pt,0.06,cubic,2.64,1.22,0.5,20,,,Xe,800,390,1,[S20]NaTa
[S20],Na,non,non,Ta,non,non,O,,0.09,,,0.72,,,0.19,,SSR,1173,10,impreg,Pt,0.1,cubic,2.64,1.22,0.5,20,,,Xe,800,390,0.25,[S20]NaTa
[S20],Na,non,non,Ta,non,non,O,,0.09,,,0.72,,,0.19,,SSR,1173,10,impreg,Pt,0.13,cubic,2.64,1.22,0.5,20,,,Xe,800,390,0.16,[S20]NaTa
[S20],Na,non,non,Ta,non,non,O,,0.09,,,0.72,,,0.19,,SSR,1173,10,impreg,Pt,0.06,cubic,4.01,1.13,0.5,20,,,Xe,800,390,0.08,[S20]NaTa
[S21],Sr,non,non,Sn,non,non,O,,0.35,,,0.47,,,0.19,,SSR,1373,6,,,,,4.01,3.28,1,0,,,Hg,450,365,11,[S21]SrSn
[S21],Sr,non,non,Sn,non,non,O,,0.35,,,0.47,,,0.19,,SSR,1373,6,impreg,NiO,1,,4.01,3.28,1,0,,,Hg,450,365,24.2,[S21]SrSn
[S21],Sr,non,non,Sn,non,non,O,,0.35,,,0.47,,,0.19,,SSR,973,6,,,,orthorombic,4.04,27.08,1,0,,,Hg,450,365,59.8,[S21]SrSn
[S21],Sr,non,non,Sn,non,non,O,,0.35,,,0.47,,,0.19,,SSR,973,6,impreg,NiO,1,orthorombic,4.04,27.08,1,0,,,Hg,450,365,236,[S21]SrSn
[S22],Li,non,non,Ta,non,non,O,,0.03,,,0.77,,,0.2,,SSR,,,,,,rhombohedral,3.93,1.34,0.25,0,HCOOH,,Hg,150,366,354.5,[S22]LiTa
[S22],Li,non,non,Ta,non,non,O,,0.03,,,0.77,,,0.2,,novel,723,11,,,,rhombohedral,3.3,4.08,0.25,0,HCOOH,,Hg,150,366,308,[S22]LiTa
[S22],Li,non,non,Ta,non,non,O,,0.03,,,0.77,,,0.2,,novel,773,11,,,,rhombohedral,3.77,3.66,0.25,0,HCOOH,,Hg,150,366,525,[S22]LiTa
[S22],Li,non,non,Ta,non,non,O,,0.03,,,0.77,,,0.2,,novel,823,11,,,,rhombohedral,3.69,3.08,0.25,0,HCOOH,,Hg,150,366,765,[S22]LiTa
[S22],Li,non,non,Ta,non,non,O,,0.03,,,0.77,,,0.2,,novel,873,11,,,,rhombohedral,3.74,3.01,0.25,0,HCOOH,,Hg,150,366,545,[S22]LiTa
[S22],Li,non,non,Ta,non,non,O,,0.03,,,0.77,,,0.2,,novel,923,11,,,,rhombohedral,4.9,2.86,0.25,0,HCOOH,,Hg,150,366,450,[S22]LiTa
[S22],Li,non,non,Ta,non,non,O,,0.03,,,0.77,,,0.2,,novel,973,11,,,,rhombohedral,4.93,2.49,0.25,0,HCOOH,,Hg,150,366,429,[S22]LiTa
[S22],Li,non,non,Ta,non,non,O,,0.03,,,0.77,,,0.2,,novel,1023,11,,,,rhombohedral,4.95,2.38,0.25,0,HCOOH,,Hg,150,366,437,[S22]LiTa
[S22],Li,non,non,Ta,non,non,O,,0.03,,,0.77,,,0.2,,novel,1073,11,,,,rhombohedral,4.98,1.96,0.25,0,HCOOH,,Hg,150,366,336,[S22]LiTa
[S23],Ca,non,non,Ta,Zr,non,O,N,0.22,,,,0.51,,0.27,,novel,923,6,PD,Pt,1,,4,21.87,0.555,0,HCOOH,,Xe,300,420,9.8,[S23]CaTaZr
[S23],Ca,non,non,Ta,Zr,non,O,N,0.2,,,0.18,0.37,,0.23,0.01,novel,923,6,PD,Pt,1,,3.22,15.74,0.555,0,HCOOH,,Xe,300,420,10.4,[S23]CaTaZr
[S23],Ca,non,non,Ta,Zr,non,O,N,0.19,,,0.18,0.37,,0.23,0.01,novel,923,6,PD,Pt,1,,2.84,6.48,0.555,0,HCOOH,,Xe,300,420,14.8,[S23]CaTaZr
[S23],Ca,non,non,Ta,Zr,non,O,N,0.17,,,0.47,0.16,,0.17,0.04,PC,923,6,PD,Pt,1,,2.69,7.65,0.555,0,HCOOH,,Xe,300,420,16.8,[S23]CaTaZr
[S23],Ca,non,non,Ta,Zr,non,O,N,0.16,,,0.58,0.07,,0.14,0.05,PC,923,6,PD,Pt,1,,2.63,7.28,0.555,0,HCOOH,,Xe,300,420,25.8,[S23]CaTaZr
[S23],Ca,non,non,Ta,Zr,non,O,N,0.15,,,0.68,,,0.12,0.05,PC,923,6,PD,Pt,1,,2.57,6.96,0.555,0,HCOOH,,Xe,300,420,18,[S23]CaTaZr
[S24],Bi,non,non,Ti,non,non,O,N,0.77,,,0.09,,,0.12,0.03,PC,973,2,impreg,Pt,1,octahedral,2.2,92.97,1,10,NaNO2,,Hg,125,400,1018,[S24]BiTi
[S25],K,non,non,Nb,non,non,O,,0.16,,,0.57,,,0.28,,PC,,,,,,,3.89,86.6,0.27,13.5,,,Hg,350,365,30266,[S25]KNb
[S26],Sr,H,non,Ta,Nb,non,O,,0.29,,,,0.45,,0.26,,PC,,,,,,octahedral,3.5,12.12,2,10,NaNO2,,Hg,100,400,1021,[S26]SrHTaNb
[S26],Sr,H,non,Ta,Nb,non,O,,0.25,,,0.26,0.26,,0.23,,co-pre,,,,,,octahedral,3.77,10.54,2,10,NaNO2,,Hg,100,400,321.67,[S26]SrHTaNb
[S26],Sr,H,non,Ta,Nb,non,O,,0.24,,,0.36,0.19,,0.21,,novel,,,,,,octahedral,3.8,11.82,2,10,NaNO2,,Hg,100,400,895,[S26]SrHTaNb
[S26],Sr,H,non,Ta,Nb,non,O,,0.22,,,0.46,0.12,,0.2,,SSR,,,,,,octahedral,3.92,11.08,2,10,NaNO2,,Hg,100,400,888.33,[S26]SrHTaNb
[S26],Sr,H,non,Ta,Nb,non,O,,0.2,,,0.62,,,0.18,,SSR,,,,,,octahedral,4.25,12.1,2,10,NaNO2,,Hg,100,400,358.33,[S26]SrHTaNb
[S26],Sr,H,non,Ta,Nb,non,O,,0.29,,,,0.45,,0.26,,SSR,,,,,,octahedral,4.25,12.1,2,10,NaNO2,,Hg,100,400,6733.33,[S26]SrHTaNb
[S26],Sr,H,non,Ta,Nb,non,O,,0.25,,,0.26,0.26,,0.23,,SSR,,,,,,octahedral,4.25,12.1,2,10,NaNO2,,Hg,100,400,8550,[S26]SrHTaNb
[S26],Sr,H,non,Ta,Nb,non,O,,0.24,,,0.36,0.19,,0.21,,SSR,,,,,,octahedral,3.74,10.97,2,10,NaNO2,,Hg,100,400,2583.33,[S26]SrHTaNb
[S26],Sr,H,non,Ta,Nb,non,O,,0.22,,,0.46,0.12,,0.2,,SSR,,,,,,octahedral,3.78,11.41,2,10,NaNO2,,Hg,100,400,1195,[S26]SrHTaNb
[S26],Sr,H,non,Ta,Nb,non,O,,0.2,,,0.62,,,0.18,,SSR,,,,,,octahedral,3.99,11.97,2,10,NaNO2,,Hg,100,400,250,[S26]SrHTaNb
[S27],K,Sn,non,Ti,non,non,O,,0.08,0.45,,0.27,,,0.2,,SSR,,,PD,Pt,0.5,monoclinic,2.8,,0.37,18.5,,,Xe,300,420,257,[S27]KSnTi
[S28],Zn,non,non,In,non,non,S,,0.15,,,0.54,,,0.3,,SSR,333,6,,,,cubic,3.26,,1.2,0,Na2S,Na2SO3,Xe,350,250,319,[S28]ZnIn
[S28],Zn,non,non,In,non,non,S,,0.15,,,0.54,,,0.3,,SSR,333,6,,,,cubic,2.43,,4.08,0,Na2S,Na2SO3,Xe,350,250,284,[S28]ZnIn
[S29],La,non,non,Nb,Ta,non,O,,0.32,,,0.42,,,0.26,,HT,,,PD,Pt,1.42,tetragonal,3.42,10.84,2,10,,,Hg,100,290,748,[S29]LaNbTa
[S29],La,non,non,Nb,Ta,non,O,,0.28,,,0.25,0.24,,0.23,,electrospinning,,,PD,Pt,1.03,tetragonal,3.6,11.4,2,10,,,Hg,100,290,3066.6,[S29]LaNbTa
[S29],La,non,non,Nb,Ta,non,O,,0.26,,,0.18,0.34,,0.21,,electrospinning,,,PD,Pt,1.12,tetragonal,3.72,11.13,2,10,,,Hg,100,290,1121.6,[S29]LaNbTa
[S29],La,non,non,Nb,Ta,non,O,,0.25,,,0.11,0.43,,0.2,,ionexchange,,,PD,Pt,1.18,tetragonal,3.81,11.28,2,10,,,Hg,100,290,911.6,[S29]LaNbTa
[S29],La,non,non,Nb,Ta,non,O,,0.23,,,,0.59,,0.18,,ionexchange,,,PD,Pt,1.35,tetragonal,3.92,12.01,2,10,,,Hg,100,290,386.7,[S29]LaNbTa
[S30],La,non,non,Ni,Cu,non,O,,0.56,,,0.12,0.13,,0.19,,ionexchange,1073,5,,,,rhombohedral,2.47,,0.5,0,CH2O,,Xe,125,400,520,[S30]LaNiCu
[S31],Bi,Sr,non,Nb,non,non,O,,0.5,0.11,,0.22,,,0.17,,ionexchange,1473,24,,,,orthorombic,2.35,,0.5,12.5,,,Hg,350,365,3636,[S31]BiSrNb
[S31],Bi,Ba,non,Nb,non,non,O,,0.47,0.16,,0.21,,,0.16,,ionexchange,1473,72,,,,tetragonal,1.27,,0.5,12.5,,,Hg,350,365,1154,[S31]BiBaNb
[S31],Bi,Ca,non,Nb,non,non,O,,0.53,0.05,,0.24,,,0.18,,novel,1473,24,,,,orthorombic,2.65,,0.5,12.5,,,Hg,350,365,531,[S31]BiCaNb
[S32],Na,non,non,Ta,non,non,O,,0.09,,,0.72,,,0.19,,SSR,873,6,,,,,3.96,14,,0,,,Hg,400,200,113.67,[S32]NaTa
[S32],Na,K,non,Ta,non,non,O,,0.06,0.36,,0.46,,,0.12,,SSR,873,6,,,,,4,14,,0,,,Hg,400,200,172.33,[S32]NaKTa
[S32],Na,K,non,Ta,non,non,O,,0.06,0.36,,0.46,,,0.12,,SSR,873,6,impreg,RuO2,0.6,,4,14,,0,,,Hg,400,200,3326,[S32]NaKTa
[S32],Na,K,non,Ta,non,non,O,,0.06,0.36,,0.46,,,0.12,,SG,873,6,impreg,RuO2,1,,4,13,,0,,,Hg,400,200,3800,[S32]NaKTa
[S32],Na,K,non,Ta,non,non,O,,0.06,0.36,,0.46,,,0.12,,SG,873,6,impreg,RuO2,0.2,,4,14,,0,,,Hg,400,200,706.67,[S32]NaKTa
[S32],Na,K,non,Ta,non,non,O,,0.06,0.36,,0.46,,,0.12,,SG,873,6,impreg,RuO2,2,,4,13,,0,,,Hg,400,200,1953,[S32]NaKTa
[S33],K,non,non,Ti,non,non,O,,0.14,,,0.5,,,0.36,,SG,1373,10,PD,Rh,0.005,hexagonal,3.52,2,0.4,0,,,Xe,300,254,16.2,[S33]KTi
[S33],K,non,non,Ti,non,non,O,,0.14,,,0.5,,,0.36,,SG,1373,10,PD,Rh,0.005,hexagonal,3.53,1.2,0.4,0,,,Xe,300,254,17.6,[S33]KTi
[S33],K,non,non,Ti,non,non,O,,0.14,,,0.5,,,0.36,,SG,1373,10,PD,Rh,0.005,hexagonal,3.54,2.1,0.4,0,,,Xe,300,254,14,[S33]KTi
[S33],K,non,non,Ti,non,non,O,,0.14,,,0.5,,,0.36,,flux,1373,10,PD,Rh,0.003,hexagonal,3.6,2.9,0.4,0,,,Xe,300,254,8,[S33]KTi
[S33],K,non,non,Ti,non,non,O,,0.14,,,0.5,,,0.36,,flux,1373,10,PD,Rh,0.003,hexagonal,3.6,2.2,0.4,0,,,Xe,300,254,7.6,[S33]KTi
[S33],K,non,non,Ti,non,non,O,,0.14,,,0.5,,,0.36,,flux,1373,10,PD,Rh,0.003,hexagonal,3.6,2.6,0.4,0,,,Xe,300,254,2.6,[S33]KTi
[S34],In,Ni,non,Ta,non,non,O,N,0.15,0.02,,0.17,,,0.54,0.13,flux,1423,48,,,,monoclinic,2.38,,2,0,,,Xe,300,400,8.4,[S34]InNiTa
[S35],Na,non,non,Ta,non,non,O,,0.09,,,0.72,,,0.19,,flux,623,1,impreg,NiO,0.1,orthorombic,4.08,1.13,0.625,0,,,Hg,8,254,86,[S35]NaTa
[S35],Na,non,non,Ta,non,non,O,,0.09,,,0.72,,,0.19,,flux,623,1,impreg,NiO,0.2,orthorombic,4.08,1.13,0.625,0,,,Hg,8,254,149,[S35]NaTa
[S35],Na,non,non,Ta,non,non,O,,0.09,,,0.72,,,0.19,,SSR,623,1,impreg,NiO,0.3,orthorombic,4.08,1.13,0.625,0,,,Hg,8,254,275,[S35]NaTa
[S35],Na,non,non,Ta,non,non,O,,0.09,,,0.72,,,0.19,,HT,623,1,impreg,NiO,0.4,orthorombic,4.08,1.13,0.625,0,,,Hg,8,254,168,[S35]NaTa
[S36],Bi,K,La,Ta,non,non,O,,0.41,0.02,0.07,0.36,,,0.14,,HT,1173,6,PD,Pt,0.006,tetragonal,4,3.84,1.54,0,,,Hg,250,365,221,[S36]BiKLaTa
[S36],Bi,K,La,Ta,non,non,O,,0.41,0.02,0.07,0.36,,,0.14,,HT,1173,6,PD,Pt,0.124,tetragonal,4,3.84,1.54,0,,,Hg,250,365,266,[S36]BiKLaTa
[S36],Bi,K,La,Ta,non,non,O,,0.41,0.02,0.07,0.36,,,0.14,,HT,1173,6,PD,Pt,0.251,tetragonal,4,3.84,1.54,0,,,Hg,250,365,288,[S36]BiKLaTa
[S36],Bi,K,La,Ta,non,non,O,,0.41,0.02,0.07,0.36,,,0.14,,PC,1173,6,PD,Pt,0.373,tetragonal,4,3.84,1.54,0,,,Hg,250,365,404,[S36]BiKLaTa
[S36],Bi,K,La,Ta,non,non,O,,0.41,0.02,0.07,0.36,,,0.14,,PC,1173,6,PD,Pt,0.501,tetragonal,4,3.84,1.54,0,,,Hg,250,365,386,[S36]BiKLaTa
[S36],Bi,non,non,Ta,non,non,O,,0.41,,,0.36,,,0.14,,PC,1173,6,PD,Pt,0.008,tetragonal,3.9,6.88,1.54,0,,,Hg,250,365,159,[S36]BiTa
[S36],Bi,non,non,Ta,non,non,O,,0.41,,,0.36,,,0.14,,PC,1173,6,PD,Pt,0.123,tetragonal,3.9,6.88,1.54,0,,,Hg,250,365,405,[S36]BiTa
[S36],Bi,non,non,Ta,non,non,O,,0.41,,,0.36,,,0.14,,PC,1173,6,PD,Pt,0.251,tetragonal,3.9,6.88,1.54,0,,,Hg,250,365,491,[S36]BiTa
[S36],Bi,non,non,Ta,non,non,O,,0.41,,,0.36,,,0.14,,PC,1173,6,PD,Pt,0.376,tetragonal,3.9,6.88,1.54,0,,,Hg,250,365,448,[S36]BiTa
[S36],Bi,non,non,Ta,non,non,O,,0.41,,,0.36,,,0.14,,PC,1173,6,PD,Pt,0.501,tetragonal,3.9,6.88,1.54,0,,,Hg,250,365,354,[S36]BiTa
[S36],Bi,Ca,non,Ta,non,non,O,,0.43,0.04,,0.38,,,0.15,,PC,1173,6,PD,Pt,0.0043,tetragonal,3.7,4.35,1.54,0,,,Hg,250,365,112,[S36]BiCaTa
[S36],Bi,Ca,non,Ta,non,non,O,,0.43,0.04,,0.38,,,0.15,,PC,1173,6,PD,Pt,0.128,tetragonal,3.7,4.35,1.54,0,,,Hg,250,365,179,[S36]BiCaTa
[S36],Bi,Ca,non,Ta,non,non,O,,0.43,0.04,,0.38,,,0.15,,PC,1173,6,PD,Pt,0.249,tetragonal,3.7,4.35,1.54,0,,,Hg,250,365,296,[S36]BiCaTa
[S36],Bi,Ca,non,Ta,non,non,O,,0.43,0.04,,0.38,,,0.15,,PC,1173,6,PD,Pt,0.376,tetragonal,3.7,4.35,1.54,0,,,Hg,250,365,241,[S36]BiCaTa
[S36],Bi,Ca,non,Ta,non,non,O,,0.43,0.04,,0.38,,,0.15,,PC,1173,6,PD,Pt,0.501,tetragonal,3.7,4.35,1.54,0,,,Hg,250,365,156,[S36]BiCaTa
[S36],Bi,Ba,non,Ta,non,non,O,,0.39,0.13,,0.34,,,0.14,,PC,1173,6,PD,Pt,0.002,tetragonal,4.3,3.52,1.54,0,,,Hg,250,365,123,[S36]BiBaTa
[S36],Bi,Ba,non,Ta,non,non,O,,0.39,0.13,,0.34,,,0.14,,PC,1173,6,PD,Pt,0.125,tetragonal,4.3,3.52,1.54,0,,,Hg,250,365,136,[S36]BiBaTa
[S36],Bi,Ba,non,Ta,non,non,O,,0.39,0.13,,0.34,,,0.14,,PC,1173,6,PD,Pt,0.252,tetragonal,4.3,3.52,1.54,0,,,Hg,250,365,232,[S36]BiBaTa
[S36],Bi,Ba,non,Ta,non,non,O,,0.39,0.13,,0.34,,,0.14,,PC,1173,6,PD,Pt,0.379,tetragonal,4.3,3.52,1.54,0,,,Hg,250,365,142,[S36]BiBaTa
[S36],Bi,Ba,non,Ta,non,non,O,,0.39,0.13,,0.34,,,0.14,,PC,1173,6,PD,Pt,0.5,tetragonal,4.3,3.52,1.54,0,,,Hg,250,365,77,[S36]BiBaTa
[S37],Na,Y,non,Ta,non,non,O,,0.07,0.26,,0.53,,,0.14,,PC,1173,12,,,,orthorombic,4.08,4.4,0.2,10,,,Hg,150,365,238.3,[S37]NaYTa
[S37],Na,La,non,Ta,non,non,O,,0.06,0.36,,0.46,,,0.12,,PC,1173,12,,,,orthorombic,4.07,2.4,0.2,10,,,Hg,150,365,161.5,[S37]NaLaTa
[S37],Na,Yb,non,Ta,non,non,O,,0.05,0.46,,0.43,,,0.11,,PC,1173,12,,,,orthorombic,4.09,2.4,0.2,10,,,Hg,150,365,166.5,[S37]NaYbTa
[S37],Na,non,non,Ta,non,non,O,,0.09,,,0.72,,,0.19,,SSR,1173,12,,,,orthorombic,4.05,1.9,0.2,10,,,Hg,150,365,59.67,[S37]NaTa
[S37],Na,Ce,non,Ta,non,non,O,,0.09,0.36,,0.72,,,0.19,,SSR,1173,12,,,,orthorombic,4.04,4.7,0.2,10,,,Hg,150,365,25.83,[S37]NaCeTa
[S37],Na,Y,non,Ta,non,non,O,,0.07,0.26,,0.53,,,0.14,,SSR,1173,12,PD,Pt,0.5,orthorombic,4.08,4.4,0.2,10,,,Hg,150,365,286.67,[S37]NaYTa
[S37],Na,La,non,Ta,non,non,O,,0.06,0.36,,0.46,,,0.12,,SSR,1173,12,PD,Pt,0.4,orthorombic,4.07,2.4,0.2,10,,,Hg,150,365,115.67,[S37]NaLaTa
[S37],Na,Yb,non,Ta,non,non,O,,0.05,0.46,,0.43,,,0.11,,SSR,1173,12,PD,Pt,0.5,orthorombic,4.09,2.4,0.2,10,,,Hg,150,365,256.67,[S37]NaYbTa
[S37],Na,non,non,Ta,non,non,O,,0.09,,,0.72,,,0.19,,SSR,1173,12,PD,Pt,0.5,orthorombic,4.05,1.9,0.2,10,,,Hg,150,365,78.67,[S37]NaTa
[S37],Na,Ce,non,Ta,non,non,O,,0.09,0.36,,0.72,,,0.19,,SSR,1173,12,PD,Pt,0.3,orthorombic,4.04,4.7,0.2,10,,,Hg,150,365,24.83,[S37]NaCeTa
[S38],Na,non,non,Ta,non,non,O,,0.09,,,0.72,,,0.19,,SSR,673,2,,,,monoclinic,3.94,118,1,0,,,Hg,400,200,680.67,[S38]NaTa
[S38],Na,non,non,Ta,non,non,O,,0.09,,,0.72,,,0.19,,SSR,773,2,,,,monoclinic,3.98,75,1,0,,,Hg,400,200,422,[S38]NaTa
[S38],Na,non,non,Ta,non,non,O,,0.09,,,0.72,,,0.19,,SSR,873,2,,,,orthorombic,4.01,41,1,0,,,Hg,400,200,1056,[S38]NaTa
[S38],Na,non,non,Ta,non,non,O,,0.09,,,0.72,,,0.19,,HT,973,2,,,,orthorombic,4,34,1,0,,,Hg,400,200,399.83,[S38]NaTa
[S38],Na,non,non,Ta,non,non,O,,0.09,,,0.72,,,0.19,,HT,873,2,impreg,RuO2,0.5,orthorombic,4.01,41,1,0,,,Hg,400,200,2333.33,[S38]NaTa
[S38],Na,non,non,Ta,non,non,O,,0.09,,,0.72,,,0.19,,HT,873,2,impreg,RuO2,1,orthorombic,4.01,41,1,0,,,Hg,400,200,25833.33,[S38]NaTa
[S38],Na,non,non,Ta,non,non,O,,0.09,,,0.72,,,0.19,,HT,873,2,impreg,RuO2,1.5,orthorombic,4.01,41,1,0,,,Hg,400,200,12716.67,[S38]NaTa
[S39],Na,La,non,Ta,non,non,O,,0.088,0.019,,0.705,,,0.186,,HT,1423,5,,,,,3.97,4.9,1,0,,,Xe,300,400,3433,[S39]NaLaTa
[S39],Na,La,non,Ta,non,non,O,,0.088,0.019,,0.705,,,0.186,,HT,1423,5,,,,,3.97,4.9,1,20,,,Xe,300,400,9933,[S39]NaLaTa
[S40],In,non,non,Ta,non,non,O,,0.32,,,0.5,,,0.18,,HT,1373,12,impreg,NiO,3,,2.62,1.43,1.42,0,,,halogen,500,420,2,[S40]InTa
[S40],In,non,non,Ta,non,non,O,,0.32,,,0.5,,,0.18,,SSR,1373,12,impreg,NiO,3,,2.73,0.7,1.42,0,,,halogen,500,420,1.2,[S40]InTa
[S41],Na,La,non,Ta,non,non,O,,0.089,0.011,,0.712,,,0.189,,SSR,1420,10,impreg,NiO,0.2,orthorombic,4.01,3.5,2.56,0,,,Hg,400,365,3565,[S41]NaLaTa
[S42],La,non,non,Ta,Al,non,O,,0.47,,,0.3,0.05,,0.19,,SG,1473,24,impreg,NiO,0.2,orthorombic,4.6,2.14,0.238,5,,,Hg,350,365,109,[S42]LaTaAl
[S42],La,non,non,Ta,Al,non,O,,0.47,,,0.3,0.05,,0.19,,SSR,1473,24,impreg,NiO,0.2,orthorombic,4.6,2.14,0.25,0,,,Hg,350,365,94.4,[S42]LaTaAl
[S42],La,non,non,Ta,Al,non,O,,0.47,,,0.3,0.05,,0.19,,SSR,1473,24,,,,orthorombic,4.6,2.14,0.25,0,,,Hg,350,365,39,[S42]LaTaAl
[S42],La,non,non,Ta,Al,non,O,,0.47,,,0.3,0.05,,0.19,,SSR,1473,24,impreg,NiO,0.1,orthorombic,4.6,2.14,0.25,0,,,Hg,350,365,55,[S42]LaTaAl
[S42],La,non,non,Ta,Al,non,O,,0.47,,,0.3,0.05,,0.19,,SSR,1473,24,impreg,NiO,0.3,orthorombic,4.6,2.14,0.25,0,,,Hg,350,365,87,[S42]LaTaAl
[S42],La,non,non,Ta,Al,non,O,,0.47,,,0.3,0.05,,0.19,,SSR,1473,24,impreg,NiO,0.4,orthorombic,4.6,2.14,0.25,0,,,Hg,350,365,72,[S42]LaTaAl
[S42],La,non,non,Ta,Al,non,O,,0.47,,,0.3,0.05,,0.19,,SSR,1473,24,impreg,NiO,0.5,orthorombic,4.6,2.14,0.25,0,,,Hg,350,365,61,[S42]LaTaAl
[S43],Bi,La,non,Nb,Al,non,O,,0.592,0.044,,0.146,0.042,,0.176,,SSR,1223,24,impreg,NiO,0.022,cubic,2.89,,0.238,5,,,Hg,350,365,106,[S43]BiLaNbAl
[S43],Bi,La,non,Nb,Al,non,O,,0.592,0.044,,0.146,0.042,,0.176,,SSR,1223,24,impreg,NiO,0.987,cubic,2.89,,0.238,5,,,Hg,350,365,124,[S43]BiLaNbAl
[S43],Bi,La,non,Nb,Al,non,O,,0.592,0.044,,0.146,0.042,,0.176,,SSR,1223,24,impreg,NiO,1.5,cubic,2.89,,0.238,5,,,Hg,350,365,135,[S43]BiLaNbAl
[S43],Bi,La,non,Nb,Al,non,O,,0.592,0.044,,0.146,0.042,,0.176,,SSR,1223,24,impreg,NiO,2.03,cubic,2.89,,0.238,5,,,Hg,350,365,141,[S43]BiLaNbAl
[S43],Bi,La,non,Nb,Al,non,O,,0.592,0.044,,0.146,0.042,,0.176,,SSR,1223,24,impreg,NiO,2.96,cubic,2.89,,0.238,5,,,Hg,350,365,134,[S43]BiLaNbAl
[S43],Bi,La,non,Nb,Al,non,O,,0.592,0.044,,0.146,0.042,,0.176,,SSR,1223,24,impreg,NiO,5.02,cubic,2.89,,0.238,5,,,Hg,350,365,125,[S43]BiLaNbAl
[S44],Sr,non,non,Ta,non,non,O,,0.27,,,0.558,,,0.173,,SSR,,,,,,amorphous,4.6,,1.25,0,,,Hg,350,365,1287.5,[S44]SrTa
[S44],Sr,non,non,Ta,non,non,O,,0.27,,,0.558,,,0.173,,SSR,643,1,impreg,NiO,0.15,amorphous,4.6,,1.25,0,,,Hg,350,365,2345,[S44]SrTa
[S45],Sr,H,non,Nb,non,non,O,,0.08,0.03,,0.62,,,0.3,,SSR,,,PD,Pt,1.12,octahedral,3.204,11.64,2,10,,,Hg,100,290,6633.33,[S45]SrHNb
[S45],Sr,H,non,Nb,non,non,O,,0.08,0.03,,0.62,,,0.3,,HT,,,,,,octahedral,3.188,11.72,2,10,,,Hg,100,290,681.67,[S45]SrHNb
[S45],Sr,K,non,Nb,non,non,O,,0.07,0.1,,0.55,,,0.27,,HT,,,PD,Pt,1.12,octahedral,3.157,11.6,2,10,,,Hg,100,290,121,[S45]SrKNb
[S46],La,H,non,Nb,non,non,O,,0.317,0.002,,0.424,,,0.256,,ionexchange,1423,12,PD,Pt,1,tetragonal,3.36,4.18,2,10,NaNO2,,Hg,100,400,2600,[S46]LaHNb
[S46],La,H,non,Nb,In,non,O,,0.239,0.002,,0.32,0.247,,0.193,,ionexchange,1423,12,PD,Pt,1,tetragonal,3.48,4.62,2,10,NaNO2,,Hg,100,400,2880,[S46]LaHNbIn
[S46],La,H,non,Nb,In,non,O,,0.192,0.001,,0.256,0.396,,0.155,,SSR,1423,12,PD,Pt,1,tetragonal,3.47,5.17,2,10,NaNO2,,Hg,100,400,3003,[S46]LaHNbIn
[S46],La,H,non,Nb,In,non,O,,0.16,0.001,,0.214,0.496,,0.129,,ionexchange,1423,12,PD,Pt,1,tetragonal,3.41,7.2,2,10,NaNO2,,Hg,100,400,4900,[S46]LaHNbIn
[S46],La,H,non,Nb,In,non,O,,0.137,0.001,,0.184,0.567,,0.111,,ionexchange,1423,12,PD,Pt,1,tetragonal,3.42,7.7,2,10,NaNO2,,Hg,100,400,5233,[S46]LaHNbIn
[S46],La,H,non,Nb,In,non,O,,0.107,0.001,,0.143,0.663,,0.086,,ionexchange,1423,12,PD,Pt,1,tetragonal,3.44,8.23,2,10,NaNO2,,Hg,100,400,940,[S46]LaHNbIn
[S47],Bi,non,non,Ta,non,non,O,,0.46,,,0.399,,,0.141,,ionexchange,1373,48,,,,octahedral,3.3,1.15,0.238,5,NaNO2,,Hg,350,400,528,[S47]BiTa
[S47],Bi,non,non,Ta,Cu,non,O,,0.462,,,0.396,0.001,,0.141,,ionexchange,1373,48,,,,octahedral,3.1,1.22,0.238,5,NaNO2,,Hg,350,400,746,[S47]BiTaCu
[S47],Bi,non,non,Ta,Cu,non,O,,0.463,,,0.393,0.003,,0.142,,ionexchange,1373,48,,,,octahedral,2.9,1.43,0.238,5,NaNO2,,Hg,350,400,884,[S47]BiTaCu
[S47],Bi,non,non,Ta,Cu,non,O,,0.446,,,0.39,0.004,,0.142,,SSR,1373,48,,,,octahedral,2.8,1.47,0.238,5,NaNO2,,Hg,350,400,649,[S47]BiTaCu
[S47],Bi,non,non,Ta,Cu,non,O,,0.465,,,0.387,0.006,,0.142,,SSR,1373,48,,,,octahedral,2.7,0.94,0.238,5,NaNO2,,Hg,350,400,387,[S47]BiTaCu
[S47],Bi,non,non,Ta,non,non,O,,0.46,,,0.399,,,0.141,,SSR,1373,48,impreg,RuO2,0.1,octahedral,3.3,1.15,0.238,5,NaNO2,,Hg,350,400,490,[S47]BiTa
[S47],Bi,non,non,Ta,non,non,O,,0.46,,,0.399,,,0.141,,SSR,1373,48,impreg,RuO2,0.2,octahedral,3.3,1.15,0.238,5,NaNO2,,Hg,350,400,560,[S47]BiTa
[S47],Bi,non,non,Ta,non,non,O,,0.46,,,0.399,,,0.141,,SSR,1373,48,impreg,RuO2,0.3,octahedral,3.3,1.15,0.238,5,NaNO2,,Hg,350,400,929,[S47]BiTa
[S47],Bi,non,non,Ta,non,non,O,,0.46,,,0.399,,,0.141,,SSR,1373,48,impreg,RuO2,0.4,octahedral,3.3,1.15,0.238,5,NaNO2,,Hg,350,400,785,[S47]BiTa
[S47],Bi,non,non,Ta,non,non,O,,0.46,,,0.399,,,0.141,,SSR,1373,48,impreg,RuO2,0.5,octahedral,3.3,1.15,0.238,5,NaNO2,,Hg,350,400,663,[S47]BiTa
[S48],Sr,non,non,Ti,non,non,O,,0.48,,,0.26,,,0.26,,SSR,973,4,impreg,Pt,0.5,cubic,3.16,10,1,0,,,Hg,176,254,80,[S48]SrTi
[S48],Sr,non,non,Ti,non,non,O,,0.48,,,0.26,,,0.26,,SSR,973,4,impreg,Pt,0.5,cubic,3.16,10,1,20,,,Hg,176,254,212,[S48]SrTi
[S48],Sr,non,non,Ti,non,non,O,,0.48,,,0.26,,,0.26,,SSR,973,4,impreg,Pt,0.5,cubic,3.16,10,1,40,,,Hg,176,254,226,[S48]SrTi
[S48],Sr,non,non,Ti,non,non,O,,0.48,,,0.26,,,0.26,,SG,973,4,impreg,Pt,0.5,cubic,3.16,10,1,60,,,Hg,176,254,237,[S48]SrTi
[S48],Sr,non,non,Ti,non,non,O,,0.48,,,0.26,,,0.26,,SG,973,4,impreg,Pt,0.5,cubic,3.16,10,1,80,,,Hg,176,254,243,[S48]SrTi
[S48],Sr,non,non,Ti,non,non,O,,0.48,,,0.26,,,0.26,,SG,973,4,impreg,Pt,0.5,cubic,3.16,10,1,100,,,Hg,176,254,246,[S48]SrTi
[S48],Sr,non,non,Ti,non,non,O,,0.48,,,0.26,,,0.26,,SG,973,4,impreg,Pt,0.5,cubic,3.16,10,1,50,,,Hg,176,254,453.87,[S48]SrTi
[S49],Na,non,non,Nb,non,non,O,,0.14,,,0.57,,,0.29,,SG,1173,10,PD,Pt,0.5,orthorombic,3.4,1.7,0.27,13.5,,,Hg,400,365,9133.33,[S49]NaNb
[S49],Na,non,non,Nb,non,non,O,,0.14,,,0.57,,,0.29,,SG,,,PD,Pt,0.5,orthorombic,3.4,2,0.27,13.5,,,Hg,400,365,9150,[S49]NaNb
[S49],Na,non,non,Nb,non,non,O,,0.14,,,0.57,,,0.29,,SG,873,1,PD,Pt,0.5,orthorombic,3.3,37.8,0.27,13.5,,,Hg,400,365,10466,[S49]NaNb
[S49],Na,non,non,Nb,non,non,O,,0.14,,,0.57,,,0.29,,SSR,1173,5,PD,Pt,0.5,orthorombic,3.35,4.4,0.27,13.5,,,Hg,400,365,10116,[S49]NaNb
[S49],Na,non,non,Nb,non,non,O,,0.14,,,0.57,,,0.29,,HT,1173,10,PD,RuO2,1.25,orthorombic,3.4,1.7,0.27,0,,,Hg,400,365,102,[S49]NaNb
[S49],Na,non,non,Nb,non,non,O,,0.14,,,0.57,,,0.29,,PC,,,PD,RuO2,1.25,orthorombic,3.4,2,0.27,0,,,Hg,400,365,82.83,[S49]NaNb
[S49],Na,non,non,Nb,non,non,O,,0.14,,,0.57,,,0.29,,PC,873,1,PD,RuO2,1.25,orthorombic,3.3,37.8,0.27,0,,,Hg,400,365,335,[S49]NaNb
[S49],Na,non,non,Nb,non,non,O,,0.14,,,0.57,,,0.29,,SSR,1173,5,PD,RuO2,1.25,orthorombic,3.35,4.4,0.27,0,,,Hg,400,365,78,[S49]NaNb
[S50],Bi,Sr,non,Ta,non,non,O,,0.413,0.087,,0.358,,,0.142,,HT,1473,24,,,,orthorombic,3.64,2.36,0.5,12.5,,,Hg,350,365,22600,[S50]BiSrTa
[S50],Bi,Ba,non,Ta,non,non,O,,0.394,0.129,,0.341,,,0.136,,PC,1473,24,,,,orthorombic,3.52,2.18,0.5,12.5,,,Hg,350,365,513,[S50]BiBaTa
[S50],Bi,Ca,non,Ta,non,non,O,,0.434,0.042,,0.375,,,0.149,,PC,1473,24,,,,orthorombic,3.67,1.96,0.5,12.5,,,Hg,350,365,1400,[S50]BiCaTa
[S51],Sr,non,non,Ti,non,non,O,,0.478,,,0.261,,,0.262,,SSR,773,5,PD,Pt,0.32,cubic,3.1,,1,41.67,,,Hg,500,365,1948,[S51]SrTi
[S51],Sr,non,non,Ti,non,non,O,,0.478,,,0.261,,,0.262,,SSR,873,5,PD,Pt,0.32,cubic,3.1,,1,41.67,,,Hg,500,365,3020,[S51]SrTi
[S51],Sr,non,non,Ti,non,non,O,,0.478,,,0.261,,,0.262,,SSR,973,5,PD,Pt,0.32,cubic,3.1,,1,41.67,,,Hg,500,365,2540,[S51]SrTi
[S51],Sr,non,non,Ti,non,non,O,,0.478,,,0.261,,,0.262,,PC,1073,5,PD,Pt,0.32,cubic,3.1,,1,41.67,,,Hg,500,365,1686,[S51]SrTi
[S51],Sr,non,non,Ti,non,non,O,,0.478,,,0.261,,,0.262,,PC,1273,5,PD,Pt,0.32,cubic,3.1,,1,41.67,,,Hg,500,365,580,[S51]SrTi
[S51],Sr,non,non,Ti,non,non,O,,0.478,,,0.261,,,0.262,,PC,1073,2,PD,Pt,0.32,cubic,2,,1,41.67,,,Hg,500,365,16,[S51]SrTi
[S51],Sr,non,non,Ti,non,non,O,,0.478,,,0.261,,,0.262,,PC,1073,5,PD,Pt,0.32,cubic,3.1,,1,41.67,,,Hg,500,365,988,[S51]SrTi
[S51],Sr,non,non,Ti,non,non,O,,0.478,,,0.261,,,0.262,,PC,1273,3,PD,Pt,0.32,cubic,3.1,,1,41.67,,,Hg,500,365,1272,[S51]SrTi
[S51],Sr,non,non,Ti,non,non,O,,0.478,,,0.261,,,0.262,,novel,1273,3,PD,Pt,0.32,cubic,3.1,,1,41.67,,,Hg,500,365,185,[S51]SrTi
[S52],Na,non,non,Ta,non,non,O,,0.091,,,0.718,,,0.191,,SSR,773,3,,,,orthorombic,4.1,0.6,1.11,0,,,Hg,400,365,89.25,[S52]NaTa
[S52],Na,non,non,Ta,non,non,O,,0.091,,,0.718,,,0.191,,SSR,1473,1,,,,cubic,3.9,23,1.11,0,,,Hg,400,365,2097.5,[S52]NaTa
[S53],Ca,non,non,Ta,non,non,O,,0.145,,,0.653,,,0.202,,SSR,873,1,impreg,NiO,0.2,amorphous,4.4,63,1.25,0,NaOH,,Hg,450,200,295,[S53]CaTa
[S54],Sr,non,non,Ti,non,non,O,,0.559,,,0.203,,,0.238,,SSR,1373,30,impreg,NiO,1,octahedral,3.2,8.145,2.1,0,,,Hg,400,365,61.9,[S54]SrTi
[S54],Sr,non,non,Ti,non,non,O,,0.559,,,0.203,,,0.238,,SG,1073,2,impreg,NiO,1,octahedral,3.2,3.49,2.1,0,,,Hg,400,365,82.5,[S54]SrTi
[S55],Sr,non,non,Ta,non,non,O,,0.161,,,0.663,,,0.176,,HT,1273,12,impreg,NiO,0.15,orthorombic,4.49,3.94,1.28,0,,,Hg,400,365,310,[S55]SrTa
[S55],Sr,non,non,Ta,non,non,O,,0.409,,,0.423,,,0.168,,SSR,1273,12,impreg,NiO,0.15,cubic,4.81,2.61,1.28,0,,,Hg,400,365,25.16,[S55]SrTa
[S55],Sr,non,non,Ta,non,non,O,,0.313,,,0.516,,,0.171,,PC,1273,12,impreg,NiO,0.15,hexagonal,4.75,2.99,1.28,0,,,Hg,400,365,973.33,[S55]SrTa
[S56],Zn,non,non,In,non,non,S,,0.16,,,0.449,,,0.392,,SSR,,,PD,Pt,1,hexagonal,2.35,119.2,1,0,Na2S,Na2SO3,Xe,350,420,157,[S56]ZnIn
[S56],Zn,non,non,In,non,non,S,,0.144,,,0.504,,,0.352,,SSR,,,PD,Pt,1,hexagonal,2.32,123.3,1,0,Na2S,Na2SO3,Xe,350,420,259.33,[S56]ZnIn
[S56],Zn,non,non,In,non,non,S,,0.134,,,0.539,,,0.327,,SSR,,,PD,Pt,1,hexagonal,2.3,124.4,1,0,Na2S,Na2SO3,Xe,350,420,360,[S56]ZnIn
[S56],Zn,non,non,In,non,non,S,,0.125,,,0.569,,,0.306,,HT,,,PD,Pt,1,hexagonal,2.25,109,1,0,Na2S,Na2SO3,Xe,350,420,323.67,[S56]ZnIn
[S56],Zn,non,non,In,non,non,S,,0.117,,,0.596,,,0.287,,HT,,,PD,Pt,1,hexagonal,2.23,100.5,1,0,Na2S,Na2SO3,Xe,350,420,307.67,[S56]ZnIn
[S56],Zn,non,non,In,non,non,S,,0.112,,,0.612,,,0.276,,HT,,,PD,Pt,1,hexagonal,2.25,97.3,1,0,Na2S,Na2SO3,Xe,350,420,282.33,[S56]ZnIn
[S57],Sr,non,non,Zr,non,non,O,,0.386,,,0.402,,,0.212,,HT,1373,24,,,,orthorombic,4.1,2,1,0,,,UV,,254,8,[S57]SrZr
[S58],Zn,non,non,Ga,non,non,O,,0.243,,,0.519,,,0.238,,HT,1173,15,,,,cubic,4.75,5.2,1,0,,,Hg,500,365,9,[S58]ZnGa
[S58],Zn,non,non,Ga,non,non,O,,0.243,,,0.519,,,0.238,,HT,,,,,,cubic,4.77,20,1,0,,,Hg,500,365,14.6,[S58]ZnGa
[S58],Zn,non,non,Ga,non,non,O,,0.243,,,0.519,,,0.238,,SSR,873,2,,,,cubic,4.37,29,1,0,,,Hg,500,365,29,[S58]ZnGa
[S58],Zn,non,non,Ga,non,non,O,,0.243,,,0.519,,,0.238,,SSR,1173,15,,,,cubic,4.75,5.2,1,20,,,Hg,500,365,27.2,[S58]ZnGa
[S58],Zn,non,non,Ga,non,non,O,,0.243,,,0.519,,,0.238,,HT,,,,,,cubic,4.77,20,1,20,,,Hg,500,365,97.8,[S58]ZnGa
[S58],Zn,non,non,Ga,non,non,O,,0.243,,,0.519,,,0.238,,SG,873,2,,,,cubic,4.37,29,1,20,,,Hg,500,365,134.8,[S58]ZnGa
[S59],Ni,non,non,Ga,non,non,O,,0.225,,,0.531,,,0.244,,SSR,773,5,impreg,RuO2,1,octahedral,3.85,17,2,33,,,Hg,300,320,3,[S59]NiGa
[S60],Ba,non,non,Nb,Ta,non,O,,0.466,,,0.126,0.245,,0.163,,HT,1173,3,,,,amorphous,4.2,5,0.5,8.3,,,Hg,500,250,356,[S60]BaNbTa
[S60],Ba,non,non,Ta,non,non,O,,0.416,,,0.439,0.245,,0.145,,SG,1173,3,,,,amorphous,4.5,5,0.5,8.3,,,Hg,500,250,485.5,[S60]BaTa
[S60],Ba,non,non,Nb,non,non,O,,0.529,,,0.286,0.245,,0.185,,ionexchange,1173,3,,,,amorphous,3.9,5,0.5,8.3,,,Hg,500,250,590,[S60]BaNb
[S61],Ba,non,non,In,Ta,non,O,,0.41,,,0.17,0.27,,0.14,,electrospinning,1400,15,impreg,Pt,1,octahedral,4.17,1,0.5,0,,,Hg,500,250,15.2,[S61]BaInTa
[S62],La,K,non,Ta,non,non,O,,0.144,0.121,,0.561,,,0.174,,electrospinning,1498,15,,,,tetragonal,4,3.7,2.5,0,,,Hg,400,365,146,[S62]LaKTa
[S62],La,H,non,Ta,non,non,O,,0.164,0.004,,0.636,,,0.197,,electrospinning,1498,15,,,,tetragonal,4,7.8,2.5,0,,,Hg,400,365,158,[S62]LaHTa
[S62],La,non,non,Ta,non,non,O,,0.167,,,0.659,,,0.175,,SSR,1498,15,,,,tetragonal,4,3.3,2.5,0,,,Hg,400,365,35,[S62]LaTa
[S62],Sr,H,non,Ta,non,non,O,,0.155,0.004,,0.642,,,0.199,,SSR,1498,15,,,,tetragonal,3.9,4,2.5,0,,,Hg,400,365,385,[S62]SrHTa
[S62],K,non,non,Ta,non,non,O,,0.146,,,0.675,,,0.179,,SSR,1498,15,,,,tetragonal,3.6,1.5,2.5,0,,,Hg,400,365,25,[S62]KTa
[S63],Y,non,non,Ta,non,non,O,,0.477,,,0.323,,,0.2,,SSR,1623,2,,,,cubic,4.6,1.6,1.2,0,,,Hg,400,200,0.001,[S63]YTa
[S63],La,non,non,Ta,non,non,O,,0.587,,,0.255,,,0.158,,SSR,1273,2,,,,cubic,4.6,3,1.2,0,,,Hg,400,200,8,[S63]LaTa
[S63],La,non,non,Ta,non,non,O,,0.587,,,0.255,,,0.158,,SSR,1373,2,,,,orthorombic,4.6,2.8,1.2,0,,,Hg,400,200,328,[S63]LaTa
[S63],Y,non,non,Nb,non,non,O,,0.566,,,0.197,,,0.237,,PC,1623,2,,,,cubic,3.9,1.2,1.2,0,,,Hg,400,200,0.001,[S63]YNb
[S63],La,non,non,Nb,non,non,O,,0.67,,,0.149,,,0.18,,PC,1173,2,,,,cubic,3.9,2.8,1.2,0,,,Hg,400,200,2,[S63]LaNb
[S63],La,non,non,Nb,non,non,O,,0.67,,,0.149,,,0.18,,PC,1373,2,,,,cubic,3.9,2.5,1.2,0,,,Hg,400,200,70,[S63]LaNb
[S63],Y,non,non,Ti,non,non,O,,0.461,,,0.461,,,0.29,,PC,1273,2,,,,cubic,3.5,2,1.2,0,,,Hg,400,200,1700,[S63]YTi
[S63],La,non,non,Ti,non,non,O,,0.572,,,0.572,,,0.231,,PC,1273,2,,,,monoclinic,3.8,1.8,1.2,0,,,Hg,400,200,614,[S63]LaTi
[S64],Sr,non,non,Sn,non,non,O,,0.345,,,0.467,,,0.189,,PC,,,,,,orthorombic,4.1,0.4,0.54,13.5,,,Hg,200,300,7200,[S64]SrSn
[S64],Sr,non,non,Sn,non,non,O,,0.345,,,0.467,,,0.189,,PC,,,,,,orthorombic,,0.5,0.54,13.5,,,Hg,200,300,7200,[S64]SrSn
[S64],Sr,non,non,Sn,non,non,O,,0.345,,,0.467,,,0.189,,PC,,,,,,orthorombic,,0.3,0.54,13.5,,,Hg,200,300,720,[S64]SrSn
[S65],Y,non,non,In,non,non,O,,0.315,,,0.497,,,0.189,,HT,1673,16,impreg,RuO2,1,cubic,3.6,,8.33,0,,,Hg,200,230,1,[S65]YIn
[S65],Y,non,non,In,non,non,O,,0.353,,,0.456,,,0.191,,HT,1673,16,impreg,RuO2,1,cubic,3.75,,8.33,0,,,Hg,200,230,3.1,[S65]YIn
[S65],Y,non,non,In,non,non,O,,0.393,,,0.415,,,0.193,,HT,1673,16,impreg,RuO2,1,cubic,3.92,,8.33,0,,,Hg,200,230,5,[S65]YIn
[S65],Y,non,non,In,non,non,O,,0.433,,,0.373,,,0.195,,SSR,1673,16,impreg,RuO2,1,cubic,4.1,,8.33,0,,,Hg,200,230,6,[S65]YIn
[S65],Y,non,non,In,non,non,O,,0.474,,,0.329,,,0.197,,SSR,1673,16,impreg,RuO2,1,cubic,4.18,,8.33,0,,,Hg,200,230,7.9,[S65]YIn
[S65],Y,non,non,In,non,non,O,,0.516,,,0.285,,,0.199,,SSR,1673,16,impreg,RuO2,1,cubic,4.39,,8.33,0,,,Hg,200,230,7,[S65]YIn
[S65],Y,non,non,In,non,non,O,,0.559,,,0.24,,,0.201,,SSR,1673,16,impreg,RuO2,1,cubic,4.87,,8.33,0,,,Hg,200,230,5.8,[S65]YIn
[S66],K,non,non,Nb,non,non,O,,0.217,,,0.516,,,0.267,,SSR,,,PD,Pt,0.5,orthorombic,3.2,8.5,0.476,12,,,Hg,400,365,2060,[S66]KNb
[S67],Na,non,non,Nb,non,non,O,,0.14,,,0.567,,,0.293,,SSR,773,12,PD,Pt,0.8,,3.2,12.5,0.81,18.5,,,Xe,300,300,12.3,[S67]NaNb
[S67],Na,non,non,Nb,In,non,O,,0.113,,,0.456,0.161,,0.274,,SSR,773,12,PD,Pt,0.8,,3.1,17.4,0.81,18.5,,,Xe,300,300,16.9,[S67]NaNbIn
[S67],Na,non,non,Nb,In,non,O,,0.09,,,0.362,0.298,,0.25,,HT,773,12,PD,Pt,0.8,,3,22.9,0.81,18.5,,,Xe,300,300,42.9,[S67]NaNbIn
[S67],Na,non,non,Nb,In,non,O,,0.07,,,0.281,0.417,,0.232,,co-pre,773,12,PD,Pt,0.8,,2.9,29.3,0.81,18.5,,,Xe,300,300,44.6,[S67]NaNbIn
[S67],Na,non,non,Nb,In,non,O,,0.052,,,0.21,0.52,,0.217,,co-pre,773,12,PD,Pt,0.8,,2.8,32.7,0.81,18.5,,,Xe,300,300,15.6,[S67]NaNbIn
[S67],Na,non,non,Nb,In,non,O,,0.023,,,0.093,0.691,,0.193,,co-pre,773,12,PD,Pt,0.8,,2.7,44,0.81,18.5,,,Xe,300,300,4.1,[S67]NaNbIn
[S67],Na,non,non,Nb,non,non,O,,0.14,,,0.567,,,0.293,,co-pre,773,12,PD,Pt,0.8,,3.2,12.5,0.81,18.5,,,Xe,300,420,0.3,[S67]NaNb
[S67],Na,non,non,Nb,In,non,O,,0.113,,,0.456,0.161,,0.274,,co-pre,773,12,PD,Pt,0.8,,3.1,17.4,0.81,18.5,,,Xe,300,420,6.6,[S67]NaNbIn
[S67],Na,non,non,Nb,In,non,O,,0.09,,,0.362,0.298,,0.25,,co-pre,773,12,PD,Pt,0.8,,3,22.9,0.81,18.5,,,Xe,300,420,16.4,[S67]NaNbIn
[S67],Na,non,non,Nb,In,non,O,,0.07,,,0.281,0.417,,0.232,,co-pre,773,12,PD,Pt,0.8,,2.9,29.3,0.81,18.5,,,Xe,300,420,13.2,[S67]NaNbIn
[S67],Na,non,non,Nb,In,non,O,,0.052,,,0.21,0.52,,0.217,,co-pre,773,12,PD,Pt,0.8,,2.8,32.7,0.81,18.5,,,Xe,300,420,4.8,[S67]NaNbIn
[S67],Na,non,non,Nb,In,non,O,,0.023,,,0.093,0.691,,0.193,,co-pre,773,12,PD,Pt,0.8,,2.7,44,0.81,18.5,,,Xe,300,420,1.3,[S67]NaNbIn
[S68],Ba,non,non,Ta,non,non,O,,0.416,,,0.439,,,0.145,,co-pre,1423,18,,,,octahedral,4.06,,1,20,,,Xe,300,400,300,[S68]BaTa
[S68],Ba,non,non,Ta,non,non,O,N,0.416,,,0.438,,,0.145,0.001,co-pre,1423,18,,,,octahedral,1.78,,1,20,,,Xe,300,400,500,[S68]BaTa
[S69],Na,non,non,Ta,non,non,O,,0.091,,,0.718,,,0.191,,co-pre,,,,,,orthorombic,3.64,,1,25,AgNO3,,Xe,300,420,1660,[S69]NaTa
[S69],Na,non,non,Ta,non,non,O,,0.091,,,0.718,,,0.191,,SSR,,,PD,Ag,0.05,orthorombic,3.64,,1,25,AgNO3,,Xe,300,420,2740,[S69]NaTa
[S69],Na,non,non,Ta,non,non,O,,0.091,,,0.718,,,0.191,,SSR,,,PD,Ag,0.1,orthorombic,3.64,,1,25,AgNO3,,Xe,300,420,3540,[S69]NaTa
[S69],Na,non,non,Ta,non,non,O,,0.091,,,0.718,,,0.191,,HT,,,PD,Ag,0.2,orthorombic,3.64,,1,25,AgNO3,,Xe,300,420,3170,[S69]NaTa
[S70],Na,non,non,Ta,non,non,O,,0.091,,,0.718,,,0.191,,HT,1423,10,,,,cubic,4,2,0.5,10,,,Hg,150,365,1600,[S70]NaTa
[S71],Na,non,non,Ta,non,non,O,,0.091,,,0.718,,,0.191,,HT,543,2,,,,cubic,3.75,,0.6,20,,,Hg,450,365,90,[S71]NaTa
[S71],Na,non,non,Ta,non,non,O,,0.091,,,0.718,,,0.191,,HT,543,2,PD,NiO,0.05,cubic,3.75,,0.6,20,,,Hg,450,365,640,[S71]NaTa
[S71],Na,non,non,Ta,non,non,O,,0.091,,,0.718,,,0.191,,SSR,543,2,PD,NiO,0.1,cubic,3.75,,0.6,20,,,Hg,450,365,740,[S71]NaTa
[S71],Na,non,non,Ta,non,non,O,,0.091,,,0.718,,,0.191,,HT,543,2,PD,NiO,0.2,cubic,3.75,,0.6,20,,,Hg,450,365,1900,[S71]NaTa
[S71],Na,non,non,Ta,non,non,O,,0.091,,,0.718,,,0.191,,HT,543,2,PD,NiO,0.4,cubic,3.75,,0.6,20,,,Hg,450,365,1600,[S71]NaTa
[S71],Na,non,non,Ta,non,non,O,,0.091,,,0.718,,,0.191,,HT,543,2,PD,NiO,0.8,cubic,3.75,,0.6,20,,,Hg,450,365,1000,[S71]NaTa
[S71],Na,non,non,Ta,non,non,O,,0.091,,,0.718,,,0.191,,HT,543,2,PD,NiO,1.2,cubic,3.75,,0.6,20,,,Hg,450,365,540,[S71]NaTa
[S71],Na,non,non,Ta,non,non,O,,0.091,,,0.718,,,0.191,,HT,543,2,PD,NiO,1.6,cubic,3.75,,0.6,20,,,Hg,450,365,460,[S71]NaTa
[S71],Na,non,non,Ta,non,non,O,,0.091,,,0.718,,,0.191,,HT,543,2,PD,NiO,2,cubic,3.75,,0.6,20,,,Hg,450,365,420,[S71]NaTa
[S71],Na,non,non,Ta,non,non,O,,0.091,,,0.718,,,0.191,,HT,543,2,impreg,NiO,0.05,cubic,3.75,,0.6,20,,,Hg,450,365,160,[S71]NaTa
[S71],Na,non,non,Ta,non,non,O,,0.091,,,0.718,,,0.191,,HT,543,2,impreg,NiO,0.1,cubic,3.75,,0.6,20,,,Hg,450,365,220,[S71]NaTa
[S71],Na,non,non,Ta,non,non,O,,0.091,,,0.718,,,0.191,,HT,543,2,impreg,NiO,0.2,cubic,3.75,,0.6,20,,,Hg,450,365,340,[S71]NaTa
[S71],Na,non,non,Ta,non,non,O,,0.091,,,0.718,,,0.191,,HT,543,2,impreg,NiO,0.4,cubic,3.75,,0.6,20,,,Hg,450,365,220,[S71]NaTa
[S71],Na,non,non,Ta,non,non,O,,0.091,,,0.718,,,0.191,,HT,543,2,impreg,NiO,0.8,cubic,3.75,,0.6,20,,,Hg,450,365,310,[S71]NaTa
[S71],Na,non,non,Ta,non,non,O,,0.091,,,0.718,,,0.191,,HT,543,2,impreg,NiO,1.2,cubic,3.75,,0.6,20,,,Hg,450,365,260,[S71]NaTa
[S71],Na,non,non,Ta,non,non,O,,0.091,,,0.718,,,0.191,,HT,543,2,impreg,NiO,1.6,cubic,3.75,,0.6,20,,,Hg,450,365,460,[S71]NaTa
[S71],Na,non,non,Ta,non,non,O,,0.091,,,0.718,,,0.191,,HT,543,2,impreg,NiO,2,cubic,3.75,,0.6,20,,,Hg,450,365,400,[S71]NaTa
[S72],Ga,non,non,In,non,non,O,,0.351,,,0.437,,,0.212,,HT,1470,10,PD,Pt,1,octahedral,3.8,1.3,1,5.4,AgNO3,,Hg,450,365,30,[S72]GaIn
[S73],K,non,non,Ta,Zr,non,O,,0.169,,,0.624,0.027,,0.18,,HT,1173,,impreg,NiO,1.5,,3.8,,3.33,0,,,Xe,500,420,1223,[S73]KTaZr
[S74],Na,La,non,Ta,non,non,O,,0.091,0.006,,0.714,,,0.189,,HT,1420,10,impreg,NiO,0.2,,4.01,2.5,2.56,0,NaOH,,Hg,400,365,15000,[S74]NaLaTa
[S75],Na,non,non,Sb,non,non,O,,0.119,,,0.632,,,0.249,,SSR,1173,16,impreg,RuO2,1,octahedral,4.41,,12.5,0,,,Hg,200,365,24,[S75]NaSb
[S76],Na,non,non,Ta,non,non,O,,0.091,,,0.718,,,0.191,,SSR,1420,10,impreg,Pt,0.05,octahedral,4,0.44,2.85,0,NaOH,,Hg,400,365,3390,[S76]NaTa
[S76],Li,non,non,Ta,non,non,O,,0.029,,,0.767,,,0.203,,SSR,1420,10,impreg,Pt,0.05,octahedral,4,0.44,2.85,0,,,Hg,400,365,430,[S76]LiTa
[S76],K,non,non,Ta,non,non,O,,0.146,,,0.675,,,0.179,,SSR,1420,10,impreg,Pt,0.05,octahedral,4,0.44,2.85,0,,,Hg,400,365,29,[S76]KTa
[S77],Na,non,non,Ta,non,non,O,,0.091,,,0.718,,,0.191,,SSR,770,2,impreg,Ni,1,,4,,2.5,0,KNO3,,Hg,450,365,300,[S77]NaTa
[S78],Ag,non,non,Ta,non,non,O,,0.321,,,0.537,,,0.142,,SSR,1350,5,PD,NiO,0.24,orthorombic,3.4,1,1,0,,,Xe,300,300,138,[S78]AgTa
[S78],Ag,non,non,Nb,non,non,O,,0.434,,,0.373,,,0.193,,SSR,1150,5,PD,NiO,0.24,orthorombic,3.4,1,1,0,AgNO3,,Xe,300,300,103.5,[S78]AgNb
[S79],Sr,Cr,non,Ti,Sb,non,O,,0.467,0.006,,0.255,0.016,,0.256,,SSR,1420,10,PD,Pt,0.3,octahedral,2.4,,1.56,8,AgNO3,,Xe,300,420,156,[S79]SrCrTiSb
[S80],Na,La,non,Ta,non,non,O,,0.09,0.011,,0.71,,,0.188,,SSR,1420,10,impreg,NiO,0.2,,4.09,3.2,2.56,0,NaOH,,Hg,400,365,19800,[S80]NaLaTa
[S81],La,non,non,In,non,non,O,,0.46,,,0.381,,,0.159,,SSR,1473,16,impreg,RuO2,1,octahedral,4.425,,1,0,,,Hg,200,365,5,[S81]LaIn
[S82],In,Ba,non,Nb,non,non,O,,0.199,0.475,,0.161,,,0.166,,SSR,1123,8,impreg,NiO,1,cubic,3.51,1.71,1.85,18.5,,,Hg,400,365,54,[S82]InBaNb
[S82],In,Sr,non,Nb,non,non,O,,0.24,0.366,,0.194,,,0.2,,SSR,1123,8,impreg,NiO,1,cubic,3.51,1.71,1.85,18.5,,,Hg,400,365,27.6,[S82]InSrNb
[S82],In,Ca,non,Nb,non,non,O,,0.299,0.209,,0.242,,,0.25,,SSR,1123,8,impreg,NiO,1,orthorombic,3.51,1.71,1.85,18.5,,,Hg,400,365,29.6,[S82]InCaNb
[S83],Co,Ca,non,Nb,non,non,O,,0.116,0.236,,0.365,,,0.283,,SSR,1123,8,impreg,NiO,1,monoclinic,2.8,2.2,1.85,18.5,,,Xe,300,420,1.72,[S83]CoCaNb
[S83],Co,Sr,non,Nb,non,non,O,,0.09,0.403,,0.285,,,0.221,,SSR,1123,8,impreg,NiO,1,cubic,2.8,2.2,1.85,18.5,,,Xe,300,420,1.72,[S83]CoSrNb
[S83],Co,Ba,non,Nb,non,non,O,,0.074,0.515,,0.232,,,0.18,,SSR,1123,8,impreg,NiO,1,cubic,2.8,2.2,1.85,18.5,,,Xe,300,420,2.74,[S83]CoBaNb
[S84],Ba,Zn,non,Nb,non,non,O,,0.51,0.081,,0.23,,,0.178,,SSR,1123,8,PD,Pt,0.5,cubic,3.82,0.61,1.35,13.5,,,Hg,400,365,1416.4,[S84]BaZnNb
[S84],Ba,non,non,Ta,non,non,O,,0.419,,,0.368,,,0.146,,SSR,1123,8,PD,Pt,0.5,cubic,3.82,0.61,1.35,13.5,,,Hg,400,365,389.6,[S84]BaTa
[S85],Sr,non,non,Ti,non,non,O,,0.478,,,0.261,,,0.262,,SSR,1373,15,PD,Pt,0.1,,1.7,,2,10,,,Xe,300,440,390,[S85]SrTi
[S84],Ba,Ni,non,Nb,non,non,O,,0.514,0.074,,0.232,,,0.18,,SSR,1123,8,PD,Pt,0.5,cubic,3.82,0.61,1.35,13.5,,,Hg,400,365,136.44,[S84]BaNiNb
[S84],Ba,Ni,non,Ta,non,non,O,,0.422,0.06,,0.371,,,0.147,,SSR,1123,8,PD,Pt,0.5,cubic,3.82,0.61,1.35,13.5,,,Hg,400,365,84.32,[S84]BaNiTa
[S86],Ba,Zn,non,Nb,non,non,O,,0.51,0.081,,0.23,,,0.178,,SSR,1473,32,impreg,NiO,1,cubic,3.9,1.24,1.35,13.5,,,Hg,400,365,584.44,[S86]BaZnNb
[S87],K,Ta,non,Zr,non,non,O,,0.143,0.643,,0.028,,,0.185,,SSR,1173,10,impreg,Pt,0.2,,3.54,,3.33,0,KOH,,Xe,500,420,575,[S87]KTaZr
[S88],Sr,non,non,Ti,Fe,non,O,,0.097,,,0.053,0.743,,0.107,,SSR,,,,,,,3.7,,1,8,,,visible,250,,85,[S88]SrTiFe
[S88],Sr,Bi,non,Ti,Fe,non,O,,0.048,0.689,,0.026,0.184,,0.053,,SSR,,,,,,,3.26,,1,8,,,visible,250,420,129,[S88]SrBiTiFe
[S89],Na,non,non,Ta,non,non,O,,0.091,,,0.718,,,0.191,,SSR,1473,10,,,,monoclinic,3.99,23,1.11,0,,,Hg,400,365,1940,[S89]NaTa
[S90],Ba,non,non,Nb,Co,non,O,,0.515,,,0.232,0.074,,0.18,,HT,1023,2,impreg,Pt,0.5,cubic,3,19.7,0.74,18.5,,,Xe,300,420,18.1,[S90]BaNbCo
[S91],Sr,Cr,non,Ti,non,non,O,,0.458,0.014,,0.263,,,0.264,,HT,1373,24,impreg,Pt,0.4,cubic,1.9,1.92,0.92,18.5,,,Hg,300,420,84,[S91]SrCrTi
[S92],Sr,non,non,Sn,non,non,O,,0.345,,,0.467,,,0.189,,SG,,,,Pt,0.5,orthorombic,4.1,0.4,0.54,13.5,AgNO3,,Hg,400,365,8.2,[S92]SrSn
[S93],Na,non,non,Ta,non,non,O,,0.091,,,0.718,,,0.191,,SG,1473,10,,,,monoclinic,3.9,23,1.11,0,,,Hg,400,365,2050,[S93]NaTa
[S94],Na,non,non,Nb,non,non,O,,0.14,,,0.567,,,0.293,,SSR,,,,,,polyhedron,3.08,2.08,2.38,5,,,Hg,350,365,950,[S94]NaNb
[S94],K,non,non,Nb,non,non,O,,0.217,,,0.516,,,0.267,,HT,,,,,,,3.08,2.08,2.38,5,,,Hg,350,365,100,[S94]KNb
[S94],Na,non,non,Ta,non,non,O,,0.091,,,0.718,,,0.191,,SG,,,,,,cubic,3.08,2.08,2.38,5,,,Hg,350,365,36750,[S94]NaTa
[S94],K,non,non,Ta,non,non,O,,0.146,,,0.675,,,0.179,,HT,,,,,,,3.08,2.08,2.38,5,,,Hg,350,365,1040,[S94]KTa
[S95],Sr,Ba,non,Sn,non,non,O,,0.075,0.353,,0.407,,,0.165,,HT,1273,3,impreg,RuO2,1,octahedral,3.3,0.55,0.476,0,,,Xe,400,420,220,[S95]SrBaSn
[S96],Na,La,non,Ta,Co,non,O,,0.082,0.055,,0.648,0.023,,0.191,,HT,1423,10,PD,Pt,0.2,octahedral,2.95,,1.85,18.5,,,Hg,300,420,8.68,[S96]NaLaTaCo
[S97],Bi,non,non,Fe,non,non,O,,0.668,,,0.178,,,0.153,,HT,,,,,,rhombohedral,2.1,,1,0,FeCl3,,Hg,500,400,7.5,[S97]BiFe
[S98],Ba,non,non,Zr,non,non,O,,0.497,,,0.33,,,0.174,,PC,1273,6,,,,cubic,4.8,6.8,0.476,0,,,Hg,400,365,522.5,[S98]BaZr
[S99],Sr,non,non,Ti,non,non,O,,0.333,,,0.364,,,0.304,,SSR,1273,6,,,,tetragonal,3.29,9.81,0.2,0,HCOOH,,Hg,150,365,218.9,[S99]SrTi
[S99],Ca,non,non,Ti,non,non,O,,0.186,,,0.444,,,0.371,,HT,1273,6,,,,tetragonal,3.29,9.81,0.2,0,C3H8O,,Hg,150,365,65.1,[S99]CaTi
[S99],Ba,non,non,Ti,non,non,O,,0.439,,,0.306,,,0.256,,SG,1273,6,,,,tetragonal,3.29,9.81,0.2,0,C3H8O,,Hg,150,365,29.35,[S99]BaTi
[S100],Sr,non,non,Ti,non,non,O,,0.478,,,0.261,,,0.262,,SSR,1273,3,PD,Pt,0.32,cubic,3.1,,0.4,10,,,Hg,500,365,3200,[S100]SrTi
[S101],Sr,non,non,Ti,non,non,O,,0.478,,,0.261,,,0.262,,SSR,1273,10,impreg,Pt,1,cubic,3.17,3.42,2,10,,,Hg,450,420,78,[S101]SrTi
[S102],K,non,non,Nb,non,non,O,,0.217,,,0.516,,,0.267,,SSR,,,PD,Pt,0.5,orthorombic,3.1,8.5,0.42,12,,,Xe,400,420,5170,[S102]KNb
[S103],Sr,La,non,Ti,non,non,O,,0.363,0.144,,0.248,,,0.232,0.014,SG,1173,10,impreg,Pt,3,cubic,2.65,9.86,0.55,18.5,AgNO3,,Xe,300,420,66.67,[S103]SrLaTi
[S104],Ag,non,non,Sb,non,non,O,,0.389,,,0.438,,,0.173,,HT,1173,8,,,,cubic,2.98,2.5,1.85,0,AgNO3,,Hg,300,400,296,[S104]AgSb
[S105],Na,Sr,non,Ta,non,non,O,,0.089,0.017,,0.706,,,0.187,,HT,1423,10,impreg,NiO,0.1,monoclinic,4.09,2.6,1.42,0,,,Hg,400,365,27200,[S105]NaSrTa
[S105],Na,Ba,non,Ta,non,non,O,,0.068,0.215,,0.566,,,0.15,,novel,1423,10,impreg,NiO,0.1,monoclinic,4.09,2.6,1.42,0,,,Hg,400,365,19560,[S105]NaBaTa
[S105],Na,Ca,non,Ta,non,non,O,,0.089,0.016,,0.708,,,0.188,,SSR,1423,10,impreg,NiO,0.1,monoclinic,4.09,2.6,1.42,0,,,Hg,400,365,9860,[S105]NaCaTa
[S106],Na,non,non,Ta,non,non,O,,0.091,,,0.718,,,0.191,,SSR,1473,10,,,,monoclinic,3.99,23,1.11,0,,,Hg,400,365,2600,[S106]NaTa
[S107],Sr,Ag,non,Ti,non,non,O,,0.094,0.348,,0.051,,,0.206,,SSR,1073,2,,,,polyhedron,3.75,2.6,0.37,0,AgNO3,,Xe,300,410,648,[S107]SrAgTi
[S108],Sr,Na,non,Ti,non,non,O,,0.462,0.006,,0.266,,,0.266,,SSR,1373,20,impreg,Rh,0.5,,3.5,2.6,0.75,0,,,Hg,450,365,22,[S108]SrNaTi
[S109],Na,Sr,non,Ta,non,non,O,,0.091,0.002,,0.717,,,0.19,,SG,1423,10,,,,,4.05,,0.5,0,,,Hg,400,365,2180,[S109]NaSrTa
[S110],Y,non,non,In,non,non,O,,0.353,,,0.456,,,0.191,,SSR,1373,12,,Pt,0.5,cubic,3.75,,2.91,0,Na2S,Na2SO3,Xe,300,420,18.88,[S110]YIn
[S111],Na,Bi,non,Ta,non,non,O,,0.084,0.609,,0.132,,,0.175,,SSR,,,impreg,NiO,0.1,octahedral,4.27,9.44,0.476,5,,,Hg,350,400,59.48,[S111]NaBiTa
[S112],Na,La,non,Ta,Cr,non,O,,0.056,0.225,,0.44,0.084,,0.195,,SSR,1423,10,PD,Pt,0.2,octahedral,3.06,1,1.85,18.5,,,Xe,300,420,9,[S112]NaLaTaCr
[S113],Na,non,non,Nb,non,non,O,,0.14,,,0.567,,,0.293,,novel,773,5,impreg,RuO2,0.5,orthorombic,3.4,38,0.85,0,,,Hg,400,365,70,[S113]NaNb
[S114],Ba,non,non,Sn,Zr,non,O,,0.482,,,0.125,0.224,,0.169,,HT,1273,6,,,,cubic,3.8,2.33,0.476,0,,,Hg,400,365,690,[S114]BaSnZr
[S115],Ca,non,non,Ti,non,non,O,,0.295,,,0.352,,,0.353,,SSR,1273,10,PD,Pt,0.04,,3.5,1.7,2.5,10,CH4,,Xe,300,420,11.52,[S115]CaTi
[S116],Na,non,non,Ta,non,non,O,,0.091,,,0.718,,,0.191,,novel,1473,10,impreg,NiO,3,monoclinic,3.44,24,0.909,0,,,Hg,400,365,9000,[S116]NaTa
[S117],Sr,non,non,Nb,Al,non,O,,0.343,,,0.364,0.106,,0.188,,PC,1673,10,impreg,RuO2,1,cubic,4.1,3.2,1,10,,,Hg,100,365,53.4,[S117]SrNbAl
[S118],La,non,non,Ni,Cu,non,O,,0.562,,,0.167,0.077,,0.194,,SSR,603,2,,,,,2.8,,0.5,0,CH2O,,Xe,125,400,583,[S118]LaNiCu
[S119],Sr,non,non,Ti,non,non,O,,0.478,,,0.261,,,0.262,,SG,973,4,impreg,Au,1,cubic,3.18,8.64,0.5,50,,,Xe,300,400,1000,[S119]SrTi
[S120],Na,non,non,Nb,In,non,O,,0.09,,,0.362,0.298,,0.25,,SSR,773,12,PD,Pt,0.8,,2.91,22.9,1.11,18.5,,,Hg,400,365,42.9,[S120]NaNbIn
[S121],La,non,non,Fe,non,non,O,,0.572,,,0.23,,,0.198,,SG,773,2,,,,orthorombic,2.11,25.8,2.5,10,AgNO3,,Hg,125,420,1720,[S121]LaFe
[S122],Ba,non,non,Ta,Zr,non,O,,0.382,,,0.478,0.013,,0.091,,SG,1223,20,impreg,Pt,0.3,,2.03,2.55,0.4,0,NaI,,Xe,300,420,1.8,[S122]BaTaZr
[S123],Na,K,non,Ta,non,non,O,,0.086,0.008,,0.716,,,0.19,,co-pre,1023,2,,,,orthorombic,3.9,20,0.285,14,,,Hg,400,365,1057,[S123]NaKTa
[S124],Na,La,non,Ti,non,non,O,,0.059,0.417,,0.248,,,0.255,,SG,,,PD,Pt,1,cubic,2.25,,1.11,18.5,,,Xe,300,420,8.2,[S124]NaLaTi
[S125],Sr,Cr,non,Ti,non,non,O,,0.458,0.014,,0.263,,,0.264,,PC,1373,24,PD,Pt,0.6,cubic,3.34,23.2,0.925,18.5,,,Xe,300,420,330.4,[S125]SrCrTi
[S126],Na,La,non,Ta,non,non,O,,0.089,0.011,,0.712,,,0.189,,SG,1173,12,impreg,NiO,0.6,orthorombic,4,4.54,0.333,10,,,Hg,400,250,3450,[S126]NaLaTa
[S127],Li,non,non,Nb,non,non,O,,0.047,,,0.628,,,0.325,,HT,773,5,impreg,RuO2,0.5,amorphous,4.13,12,0.833,10,,,Hg,400,365,103.33,[S127]LiNb
[S128],Na,La,non,Ta,non,non,O,,0.09,0.011,,0.71,,,0.188,,HT,1173,12,,,,orthorombic,4,4.54,0.333,10,,,Hg,400,365,1430,[S128]NaLaTa
[S129],Sr,Cr,non,Ti,Ta,non,O,,0.476,0.001,,0.26,0.001,,0.261,,SG,1423,20,PD,Pt,1,,3.17,52.6,5,20,,,Xe,300,420,86.4,[S129]SrCrTiTa
[S130],Ga,non,non,Fe,non,non,O,,0.402,,,0.322,,,0.277,,novel,1623,8,,,,orthorombic,2.1,56,3.33,0,,,Xe,300,420,722,[S130]GaFe
[S131],Ag,non,non,Sb,non,non,O,,0.389,,,0.438,,,0.173,,SG,1173,16,,,,tetragonal,2.4,,1.11,0,AgNO3,,Xe,300,420,276,[S131]AgSb
[S132],Cr,non,non,Ti,Ta,non,O,,0.02,,,0.437,0.068,,0.475,,novel,,,PD,Pt,0.5,cubic,2.91,16.6,1.11,18.5,,,Xe,300,420,6.67,[S132]CrTiTa
[S133],Ca,non,non,Ta,Zr,non,O,,0.161,,,0.58,0.073,,0.141,,SG,1273,12,PD,Pt,1,,2.63,7.28,0.555,11,HCOOH,,Xe,300,420,52.4,[S133]CaTaZr
[S134],Sr,Ni,non,Ti,Ta,non,O,,0.475,0.001,,0.26,0.004,,0.26,,HT,1173,,PD,Pt,1,cubic,3.26,22.7,5,20,,,Xe,300,420,561.2,[S134]SrNiTiTa
[S135],Na,non,non,Ta,Bi,non,O,,0.091,,,0.663,0.058,,0.189,,HT,1173,,,,,orthorombic,2.91,45.1,5,20,,,Xe,300,420,224,[S135]NaTaBi
[S135],Na,non,non,Ta,Bi,non,O,,0.091,,,0.663,0.058,,0.189,,PC,1173,,,,,orthorombic,2.91,45.1,5,20,,,Xe,300,420,876,[S135]NaTaBi
[S135],Na,non,non,Ta,Bi,non,O,,0.091,,,0.663,0.058,,0.189,,novel,1173,,,,,orthorombic,2.91,45.1,5,20,,,Xe,300,420,1108,[S135]NaTaBi
[S135],Na,non,non,Ta,Bi,non,O,,0.091,,,0.663,0.058,,0.189,,novel,1173,,,,,orthorombic,2.91,45.1,5,20,,,Xe,300,420,1355,[S135]NaTaBi
[S135],Na,non,non,Ta,Bi,non,O,,0.09,,,0.655,0.066,,0.189,,novel,1173,,,,,orthorombic,2.91,45.1,5,20,,,Xe,300,420,216,[S135]NaTaBi
[S136],Bi,Na,non,Ti,non,non,O,,0.493,0.054,,0.226,,,0.227,,novel,,,PD,Pt,3,octahedral,3.02,17.4,0.75,20,,,Xe,500,420,369.8,[S136]BiNaTi
[S137],Na,non,non,Ta,Bi,non,O,,0.086,,,0.676,0.059,,0.179,,novel,1173,10,impreg,Pt,0.06,cubic,2.95,1.35,0.5,20,,,Xe,800,390,17.2,[S137]NaTaBi
[S138],Na,non,non,Nb,non,non,O,,0.14,,,0.567,,,0.293,,novel,873,2,PD,Pt,0.5,cubic,3.29,28.6,1.11,18.5,,,Xe,300,300,520.33,[S138]NaNb
[S139],Sr,non,non,Ti,non,non,O,,0.333,,,0.364,,,0.304,,HT,823,1,,,,cubic,3.17,98.26,0.5,18.5,,,Hg,400,365,1100,[S139]SrTi
[S140],Na,non,non,Nb,non,non,O,,0.14,,,0.567,,,0.293,,SSR,673,12,impreg,Pt,0.5,orthorombic,2.98,,1,20,,,Xe,400,300,103.3,[S140]NaNb
[S140],Na,non,non,Nb,non,non,O,,0.14,,,0.567,,,0.293,,PC,773,12,impreg,Pt,1.5,orthorombic,2.99,,1,20,,,Xe,400,300,330.3,[S140]NaNb
[S140],Na,non,non,Nb,non,non,O,,0.14,,,0.567,,,0.293,,SG,873,12,impreg,Pt,2.5,orthorombic,3.06,,1,20,,,Xe,400,300,261.1,[S140]NaNb
[S140],Na,non,non,Nb,non,non,O,,0.14,,,0.567,,,0.293,,HT,,,impreg,Pt,3.5,orthorombic,3.09,,1,20,,,Xe,400,300,7.5,[S140]NaNb
[S141],K,non,non,Nb,non,non,O,,0.217,,,0.516,,,0.267,,HT,973,,,Pt,1,orthorombic,3.21,1.5,2,10,,,Xe,450,,29,[S141]KNb
[S141],K,non,non,Nb,Zr,non,O,,0.207,,,0.492,0.045,,0.255,,HT,973,,,Pt,1,orthorombic,3.2,1.83,2,10,,,Xe,450,,175.41,[S141]KNbZr
[S141],K,non,non,Nb,Zr,non,O,,0.192,,,0.456,0.115,,0.236,,HT,973,,,Pt,1,orthorombic,3.16,2.96,2,10,,,Xe,450,,886.87,[S141]KNbZr
[S141],K,non,non,Nb,Zr,non,O,,0.181,,,0.43,0.166,,0.223,,HT,973,,,Pt,1,orthorombic,3.08,8.55,2,10,,,Xe,450,,517.95,[S141]KNbZr
[S141],K,non,non,Nb,Zr,non,O,,0.163,,,0.388,0.248,,0.201,,HT,973,,,Pt,1,orthorombic,3.01,14.55,2,10,,,Xe,450,,520.8,[S141]KNbZr
[S141],K,non,non,Nb,Zr,non,O,,0.181,,,0.43,0.166,,0.223,,HT,973,,,Pt,0.5,orthorombic,3.08,8.55,2,10,,,Xe,450,,895,[S141]KNbZr
[S141],K,non,non,Nb,Zr,non,O,,0.181,,,0.43,0.166,,0.223,,HT,973,,,Pt,2,orthorombic,3.08,8.55,2,10,,,Xe,450,,458.33,[S141]KNbZr
[S142],Sr,non,non,Ti,non,non,O,,0.478,,,0.261,,,0.262,,HT,1373,10,,,,cubic,3.2,,1,0,,,visible,420,420,0.6,[S142]SrTi
[S142],Sr,non,non,Ti,non,non,O,,0.478,,,0.261,,,0.262,,HT,1373,10,,NiO,0.5,cubic,3.2,,1,0,,,visible,420,420,3,[S142]SrTi
[S142],Sr,non,non,Ti,non,non,O,,0.478,,,0.261,,,0.262,,HT,1373,10,,NiO,1,cubic,3.2,,1,0,,,visible,420,420,12,[S142]SrTi
[S142],Sr,non,non,Ti,non,non,O,,0.478,,,0.261,,,0.262,,SSR,1373,10,,NiO,3,cubic,3.2,,1,0,,,visible,420,420,3,[S142]SrTi
[S143],Na,non,non,Ta,non,non,O,,0.091,,,0.718,,,0.191,,SSR,1023,2,,,,orthorombic,3.97,,1,10,,,Xe,300,400,633,[S143]NaTa
[S143],Na,non,non,Ta,Nb,non,O,,0.095,,,0.67,0.038,,0.197,,SSR,1023,2,,,,orthorombic,3.9,,1,10,,,Xe,300,400,717,[S143]NaTaNb
[S143],Na,non,non,Ta,Nb,non,O,,0.098,,,0.618,0.079,,0.205,,SSR,1023,2,,,,orthorombic,3.83,,1,10,,,Xe,300,400,1333,[S143]NaTaNb
[S143],Na,non,non,Ta,Nb,non,O,,0.102,,,0.562,0.124,,0.213,,novel,1023,2,,,,orthorombic,3.76,,1,10,,,Xe,300,400,2000,[S143]NaTaNb
[S143],Na,non,non,Ta,Nb,non,O,,0.111,,,0.435,0.223,,0.231,,novel,1023,2,,,,orthorombic,3.69,,1,10,,,Xe,300,400,2416,[S143]NaTaNb
[S143],Na,non,non,Ta,Nb,non,O,,0.121,,,0.285,0.342,,0.252,,novel,1023,2,,,,cubic,3.62,,1,10,,,Xe,300,400,1583,[S143]NaTaNb
[S143],Na,non,non,Ta,Nb,non,O,,0.127,,,0.199,0.409,,0.264,,novel,1023,2,,,,cubic,3.55,,1,10,,,Xe,300,400,1366,[S143]NaTaNb
[S143],Na,non,non,Nb,non,non,O,,0.14,,,0.567,,,0.293,,novel,1023,2,,,,cubic,3.43,,1,10,,,Xe,300,400,950,[S143]NaNb
[S144],Ca,non,non,Ti,non,non,O,,0.295,,,0.352,,,0.353,,novel,453,15,impreg,Pt,1,orthorombic,3.51,5.37,1,0,Na2SO3,,Hg,500,400,156,[S144]CaTi
[S144],Ca,La,non,Ti,Cr,non,O,,0.27,0.049,,0.322,0.018,,0.34,,novel,453,15,impreg,Pt,1,,2.49,14.69,1,0,Na2SO3,,Hg,500,250,495,[S144]CaLaTiCr
[S144],Ca,La,non,Ti,Cr,non,O,,0.27,0.049,,0.322,0.018,,0.34,,novel,453,15,impreg,Pt,1,,2.49,14.69,1,0,Na2SO3,,Hg,500,400,98.1,[S144]CaLaTiCr
[S144],Ca,La,non,Ti,Cr,non,O,,0.247,0.095,,0.295,0.036,,0.328,,HT,453,15,impreg,Pt,1,,2.48,9.72,1,0,Na2SO3,,Hg,500,250,268,[S144]CaLaTiCr
[S144],Ca,La,non,Ti,Cr,non,O,,0.247,0.095,,0.295,0.036,,0.328,,HT,453,15,impreg,Pt,1,,2.48,9.72,1,0,Na2SO3,,Hg,500,400,116,[S144]CaLaTiCr
[S144],Ca,La,non,Ti,Cr,non,O,,0.205,0.177,,0.245,0.066,,0.307,,HT,453,15,impreg,Pt,1,,2.5,9.51,1,0,Na2SO3,,Hg,500,250,324,[S144]CaLaTiCr
[S144],Ca,La,non,Ti,Cr,non,O,,0.205,0.177,,0.245,0.066,,0.307,,HT,453,15,impreg,Pt,1,,2.5,9.51,1,0,Na2SO3,,Hg,500,400,163,[S144]CaLaTiCr
[S145],Zn,non,non,Cd,non,non,S,,0.27,,,0.465,,,0.265,,HT,413,12,,,,cubic,2.47,162,0.333,0,Na2S,Na2SO3,Xe,300,420,7582,[S145]ZnCd
[S145],Zn,Cu,non,Cd,non,non,S,,0.265,0.05,,0.465,,,0.265,,HT,413,12,,,,cubic,2.45,202.2,0.333,0,Na2S,Na2SO3,Xe,300,420,12934,[S145]ZnCuCd
[S145],Zn,Cu,non,Cd,non,non,S,,0.26,0.011,,0.465,,,0.265,,HT,413,12,,,,cubic,2.43,206.5,0.333,0,Na2S,Na2SO3,Xe,300,420,21318.8,[S145]ZnCuCd
[S145],Zn,Cu,non,Cd,non,non,S,,0.254,0.016,,0.465,,,0.265,,HT,413,12,,,,cubic,2.41,197.7,0.333,0,Na2S,Na2SO3,Xe,300,420,13870.6,[S145]ZnCuCd
[S145],Zn,Cu,non,Cd,non,non,S,,0.249,0.021,,0.465,,,0.265,,HT,413,12,,,,cubic,2.39,167.1,0.333,0,Na2S,Na2SO3,Xe,300,420,13870.6,[S145]ZnCuCd
[S145],Zn,Cu,non,Cd,non,non,S,,0.243,0.026,,0.465,,,0.265,,HT,413,12,,,,cubic,2.38,163,0.333,0,Na2S,Na2SO3,Xe,300,420,10927,[S145]ZnCuCd
[S146],Sr,La,non,Ti,Cr,non,O,,0.417,0.073,,0.228,0.028,,0.254,,HT,473,48,impreg,Pt,1,cubic,2.31,7.0301,1,10,NaOH,,Xe,300,250,64,[S146]SrLaTiCr
[S146],Sr,La,non,Ti,Cr,non,O,,0.417,0.073,,0.228,0.028,,0.254,,HT,473,48,impreg,Pt,1,cubic,2.31,7.0301,1,10,NaOH,,Xe,300,400,28.8,[S146]SrLaTiCr
[S146],Ca,La,non,Ti,Cr,non,O,,0.247,0.095,,0.295,0.036,,0.328,,HT,473,48,impreg,Pt,1,orthorombic,2.52,3.3447,1,10,NaOH,,Xe,300,250,32,[S146]CaLaTiCr
[S146],Ca,La,non,Ti,Cr,non,O,,0.247,0.095,,0.295,0.036,,0.328,,HT,473,48,impreg,Pt,1,orthorombic,2.52,3.3447,1,10,NaOH,,Xe,300,400,6,[S146]CaLaTiCr
[S146],Ba,La,non,Ti,Cr,non,O,,0.529,0.059,,0.184,0.022,,0.205,,HT,473,48,impreg,Pt,1,tetragonal,2.49,22.4631,1,10,NaOH,,Xe,300,250,5.83,[S146]BaLaTiCr
[S146],Ba,La,non,Ti,Cr,non,O,,0.529,0.059,,0.184,0.022,,0.205,,HT,473,48,impreg,Pt,1,tetragonal,2.49,22.4631,1,10,NaOH,,Xe,300,400,2,[S146]BaLaTiCr
[S147],Sr,Bi,non,Ta,non,non,O,,0.087,0.413,,0.358,,,0.142,,HT,1273,2,,,,orthorombic,4.21,,0.5,12.5,AgNO3,,Hg,350,,2640,[S147]SrBiTa
[S147],Sr,Bi,non,Ta,Ce,non,O,,0.087,0.409,,0.359,0.003,,0.143,,HT,1273,2,,,,orthorombic,4.61,,0.5,12.5,AgNO3,,Hg,350,,2470,[S147]SrBiTaCe
[S147],Sr,Bi,non,Ta,Ce,non,O,,0.087,0.405,,0.36,0.005,,0.143,,HT,1273,2,,,,orthorombic,4.78,,0.5,12.5,AgNO3,,Hg,350,,3000,[S147]SrBiTaCe
[S147],Sr,Bi,non,Ta,Ce,non,O,,0.087,0.401,,0.361,0.008,,0.143,,SSR,1273,2,,,,orthorombic,5.06,,0.5,12.5,AgNO3,,Hg,350,,3460,[S147]SrBiTaCe
[S147],Sr,Bi,non,Ta,Ce,non,O,,0.088,,,0.362,0.01,,0.144,,SSR,1273,2,,,,orthorombic,5.85,,0.5,12.5,AgNO3,,Hg,350,,4640,[S147]SrBiTaCe
[S148],Na,non,non,Ti,non,non,O,,0.085,,,0.531,,,0.384,,SSR,453,4,,,,amorphous,3.58,48,0.5,0,,,UV,300,254,85,[S148]NaTi
[S148],Na,non,non,Ti,non,non,O,,0.085,,,0.531,,,0.384,,SSR,673,4,,,,amorphous,3.58,29,0.5,0,,,UV,300,254,128,[S148]NaTi
[S148],Na,non,non,Ti,non,non,O,,0.085,,,0.531,,,0.384,,SSR,873,4,,,,monoclinic,3.58,22,0.5,0,,,UV,300,254,213,[S148]NaTi
[S148],Na,non,non,Ti,non,non,O,,0.085,,,0.531,,,0.384,,novel,1073,4,,,,monoclinic,3.58,12,0.5,0,,,UV,300,254,179,[S148]NaTi
[S148],Na,non,non,Ti,non,non,O,,0.085,,,0.531,,,0.384,,novel,873,4,impreg,NiO,2,monoclinic,3.59,22,0.5,0,,,UV,300,254,389,[S148]NaTi
[S148],Na,non,non,Ti,Zr,non,O,,0.079,,,0.409,0.156,,0.356,,novel,673,2,,,,monoclinic,3.62,21,0.5,0,,,UV,300,254,1896,[S148]NaTiZr
[S148],Na,non,non,Ti,Zr,non,O,,0.079,,,0.409,0.156,,0.356,,novel,673,2,impreg,NiO,2,monoclinic,3.61,21,0.5,0,,,UV,300,254,2482,[S148]NaTiZr
[S149],La,non,non,Fe,non,non,O,,0.572,,,0.23,,,0.198,,novel,1273,10,PD,Pt,0.5,orthorombic,2.2,,1,10,,,Xe,300,420,133,[S149]LaFe
[S149],La,non,non,Fe,Ti,non,O,,0.575,,,0.196,0.03,,0.199,,novel,1273,10,PD,Pt,0.5,orthorombic,2.1,,1,10,,,Xe,300,420,300,[S149]LaFeTi
[S149],La,Sr,non,Fe,non,non,O,,0.502,0.056,,0.237,,,0.204,,novel,1273,10,PD,Pt,0.5,orthorombic,1.5,,1,10,,,Xe,300,420,33.33,[S149]LaSrFe
[S149],La,Sr,non,Fe,Ti,non,O,,0.521,0.042,,0.227,0.008,,0.203,,flux,1273,10,PD,Pt,0.5,orthorombic,1.5,,1,10,,,Xe,300,420,53.33,[S149]LaSrFeTi
[S149],La,Sr,non,Fe,Ti,non,O,,0.557,0.014,,0.206,0.022,,0.2,,flux,1273,10,PD,Pt,0.5,orthorombic,1.5,,1,10,,,Xe,300,420,426.67,[S149]LaSrFeTi
[S149],La,Sr,non,Fe,Ti,non,O,,0.539,0.028,,0.217,0.015,,0.201,,flux,1273,10,PD,Pt,0.5,orthorombic,2,,1,10,,,Xe,300,420,560,[S149]LaSrFeTi
[S150],Sr,non,non,Ti,Al,non,O,,0.471,,,0.257,0.014,,0.258,,flux,1273,10,,Au,0.1,cubic,3.3,,2.5,20,,,Xe,150,,200,[S150]SrTiAl
[S150],Sr,non,non,Ti,Al,non,O,,0.471,,,0.257,0.014,,0.258,,flux,1273,10,,Au,0.1,cubic,3.3,,2.5,0,C3H8O,,Xe,150,,200,[S150]SrTiAl
[S150],Sr,non,non,Ti,Al,non,O,,0.471,,,0.257,0.014,,0.258,,flux,1273,10,,Au,0.25,cubic,3.3,,2.5,20,,,Xe,150,,270,[S150]SrTiAl
[S150],Sr,non,non,Ti,Al,non,O,,0.471,,,0.257,0.014,,0.258,,SSR,1273,10,,Au,0.25,cubic,3.3,,2.5,0,C3H8O,,Xe,150,,230,[S150]SrTiAl
[S150],Sr,non,non,Ti,Al,non,O,,0.471,,,0.257,0.014,,0.258,,SSR,1273,10,,Au,0.5,cubic,3.3,,2.5,20,,,Xe,150,,255,[S150]SrTiAl
[S150],Sr,non,non,Ti,Al,non,O,,0.471,,,0.257,0.014,,0.258,,SSR,1273,10,,Au,0.5,cubic,3.3,,2.5,0,C3H8O,,Xe,150,,250,[S150]SrTiAl
[S150],Sr,non,non,Ti,non,non,O,,0.478,,,0.261,,,0.262,,SSR,1273,10,,Au,0.25,cubic,3.4,,2.5,20,,,Xe,150,,10,[S150]SrTi
[S150],Sr,non,non,Ti,non,non,O,,0.478,,,0.261,,,0.262,,SSR,1273,10,,Au,0.25,cubic,3.4,,2.5,0,C3H8O,,Xe,150,,150,[S150]SrTi
[S150],Sr,non,non,Ti,Al,non,O,,0.474,,,0.259,0.007,,0.26,,SSR,1273,10,,Au,0.25,cubic,3.45,,2.5,20,,,Xe,150,,40,[S150]SrTiAl
[S150],Sr,non,non,Ti,Al,non,O,,0.474,,,0.259,0.007,,0.26,,SSR,1273,10,,Au,0.25,cubic,3.45,,2.5,0,C3H8O,,Xe,150,,210,[S150]SrTiAl
[S150],Sr,non,non,Ti,Al,non,O,,0.467,,,0.255,0.022,,0.256,,SSR,1273,10,,Au,0.25,cubic,3.45,,2.5,20,,,Xe,150,,275,[S150]SrTiAl
[S150],Sr,non,non,Ti,Al,non,O,,0.467,,,0.255,0.022,,0.256,,SSR,1273,10,,Au,0.25,cubic,3.45,,2.5,0,C3H8O,,Xe,150,,345,[S150]SrTiAl
[S151],La,non,non,Co,non,non,O,,0.565,,,0.24,,,0.195,,SSR,1073,2,,,,rhombohedral,1.42,,1,0,CH2O,,Xe,500,,14.37,[S151]LaCo
[S151],La,non,non,Co,non,non,O,,0.565,,,0.24,,,0.195,,SSR,773,2,,Au,0.1,rhombohedral,1.42,,1,0,CH2O,,Xe,500,,22.75,[S151]LaCo
[S151],La,non,non,Co,non,non,O,,0.565,,,0.24,,,0.195,,SSR,773,2,,Au,0.5,rhombohedral,1.42,,1,0,CH2O,,Xe,500,,33.53,[S151]LaCo
[S151],La,non,non,Co,non,non,O,,0.565,,,0.24,,,0.195,,SG,773,2,,Au,1,rhombohedral,1.42,,1,0,CH2O,,Xe,500,,28.74,[S151]LaCo
[S151],La,non,non,Co,non,non,O,,0.565,,,0.24,,,0.195,,SG,773,2,,Au,2,rhombohedral,1.42,,1,0,CH2O,,Xe,500,,26.94,[S151]LaCo
